year,tract,asthma,asthma_ci_low,asthma_ci_high,data_value_unit,totalpopulation,totalpop18plus
2022,17031031900,8.6,7.7,9.7,%,2522,2143
2022,17031062600,8.3,7.3,9.3,%,2477,1760
2022,17031070101,8.9,7.9,9.9,%,4171,3912
2022,17031151200,8.6,7.7,9.7,%,3880,3116
2022,17031241100,9.0,8.0,10.0,%,3574,3044
2022,17031291600,9.5,8.5,10.7,%,874,689
2022,17031480100,11.0,9.7,12.3,%,2001,1699
2022,17031490901,13.4,12.0,14.9,%,3403,2726
2022,17031700501,11.5,10.3,12.8,%,6912,5681
2022,17031803611,9.4,8.4,10.6,%,5698,4377
2022,17031815100,8.9,7.9,9.9,%,4318,3265
2022,17031817300,10.3,9.2,11.5,%,2799,1959
2022,17031830006,11.0,9.8,12.3,%,2526,1973
2022,17031010400,10.2,9.1,11.4,%,5079,4742
2022,17031020200,8.6,7.7,9.6,%,7128,5014
2022,17031010600,9.1,8.1,10.1,%,6225,5441
2022,17031010100,10.3,9.2,11.5,%,4905,4083
2022,17031020500,9.5,8.5,10.7,%,6599,5078
2022,17031010701,9.4,8.3,10.5,%,3673,2814
2022,17031020301,8.7,7.7,9.7,%,5261,3907
2022,17031010201,11.1,9.9,12.4,%,6939,5333
2022,17031020400,9.4,8.4,10.5,%,4435,3479
2022,17031010503,11.0,9.8,12.3,%,2565,2354
2022,17031010702,10.4,9.3,11.7,%,4776,3774
2022,17031010202,9.7,8.7,10.9,%,2742,2296
2022,17031020100,10.0,8.9,11.2,%,4202,3253
2022,17031010502,9.9,8.8,11.1,%,3278,2991
2022,17031010300,9.6,8.6,10.8,%,6305,5606
2022,17031020302,9.1,8.1,10.1,%,5010,3925
2022,17031020601,9.2,8.2,10.3,%,6699,4677
2022,17031010501,9.3,8.3,10.4,%,4206,3762
2022,17031210502,9.4,8.3,10.5,%,4099,3288
2022,17031251200,11.6,10.3,12.8,%,3910,3001
2022,17031520600,9.6,8.6,10.8,%,2530,1897
2022,17031050100,8.8,7.9,9.9,%,2568,2070
2022,17031260700,12.4,11.1,13.9,%,1691,1220
2022,17031191100,10.2,9.1,11.4,%,7533,5436
2022,17031230400,9.6,8.5,10.7,%,2235,1698
2022,17031040600,9.2,8.2,10.4,%,2530,2150
2022,17031610800,9.6,8.6,10.8,%,1512,1184
2022,17031340500,7.9,7.0,8.8,%,1629,1484
2022,17031160502,8.8,7.8,9.8,%,3300,2670
2022,17031151002,9.0,8.0,10.1,%,4588,3481
2022,17031351500,11.6,10.4,13.0,%,823,660
2022,17031050600,8.4,7.4,9.4,%,2443,2001
2022,17031150401,9.0,8.0,10.0,%,4681,3724
2022,17031431301,13.0,11.6,14.5,%,3590,2567
2022,17031251900,13.4,12.0,15.0,%,5387,3909
2022,17031040202,8.8,7.9,9.9,%,7318,5924
2022,17031250200,10.5,9.3,11.7,%,2779,2150
2022,17031430800,11.1,10.0,12.5,%,1862,1447
2022,17031222900,8.8,7.8,9.9,%,1089,862
2022,17031161200,8.6,7.6,9.6,%,2820,2156
2022,17031251500,12.4,11.1,13.9,%,4342,3091
2022,17031460100,11.8,10.5,13.2,%,2840,2216
2022,17031520100,9.9,8.8,11.1,%,1745,1264
2022,17031460302,12.1,10.8,13.5,%,3282,2467
2022,17031241500,8.2,7.3,9.2,%,2954,2598
2022,17031140602,9.3,8.3,10.5,%,5041,3832
2022,17031221100,8.7,7.7,9.7,%,4440,3824
2022,17031222700,9.4,8.3,10.5,%,2082,1701
2022,17031491000,13.5,12.1,15.1,%,3807,2832
2022,17031490600,10.7,9.4,12.0,%,1443,1145
2022,17031160900,8.4,7.5,9.4,%,2410,1956
2022,17031020801,8.6,7.6,9.6,%,5648,4525
2022,17031310800,9.3,8.3,10.5,%,4175,3421
2022,17031100400,8.9,7.9,10.0,%,3207,2480
2022,17031081800,8.1,7.2,9.0,%,11373,10668
2022,17031060500,9.3,8.3,10.4,%,1374,1148
2022,17031580600,9.0,8.0,10.1,%,5405,3862
2022,17031240200,8.3,7.4,9.3,%,1556,1333
2022,17031081402,8.0,7.1,9.0,%,7052,6471
2022,17031110501,8.8,7.8,9.8,%,4786,3805
2022,17031030101,9.3,8.3,10.4,%,3687,3387
2022,17031030200,8.7,7.8,9.8,%,5627,4785
2022,17031030601,9.0,8.0,10.1,%,3293,2913
2022,17031063302,8.3,7.4,9.3,%,4577,4303
2022,17031230900,9.4,8.4,10.5,%,5044,4127
2022,17031580300,8.7,7.8,9.8,%,2577,1936
2022,17031610300,10.0,8.9,11.3,%,5410,3800
2022,17031071400,9.1,8.1,10.2,%,4962,4515
2022,17031600700,8.2,7.3,9.2,%,2591,2111
2022,17031590600,8.7,7.8,9.8,%,3477,2696
2022,17031070700,8.2,7.3,9.2,%,3699,2948
2022,17031320102,7.9,7.0,8.9,%,4846,4598
2022,17031222200,8.1,7.2,9.1,%,2156,1726
2022,17031440202,12.5,11.2,14.0,%,3525,2943
2022,17031081100,9.0,8.0,10.1,%,4187,3951
2022,17031220300,8.3,7.4,9.3,%,2207,1925
2022,17031310400,9.3,8.3,10.4,%,1375,1197
2022,17031071700,8.6,7.7,9.7,%,1660,1325
2022,17031420800,12.2,10.9,13.6,%,2457,1803
2022,17031510200,11.3,10.1,12.6,%,2922,2308
2022,17031062300,8.2,7.3,9.2,%,1667,1366
2022,17031061200,8.6,7.6,9.6,%,1932,1638
2022,17031030706,8.3,7.4,9.3,%,2933,2675
2022,17031031100,8.4,7.5,9.5,%,4691,4359
2022,17031031501,9.9,8.8,11.1,%,4155,3603
2022,17031190100,9.1,8.2,10.2,%,2325,1771
2022,17031301803,9.2,8.2,10.4,%,5107,3589
2022,17031301701,9.4,8.4,10.6,%,4279,3071
2022,17031490200,11.1,9.9,12.4,%,3040,2506
2022,17031410200,9.5,8.4,10.6,%,1165,1063
2022,17031271300,13.5,12.0,15.0,%,1060,732
2022,17031250700,11.9,10.6,13.3,%,5932,4643
2022,17031540101,14.8,13.3,16.5,%,4324,2538
2022,17031081500,7.8,7.0,8.8,%,5917,5585
2022,17031520200,9.6,8.5,10.7,%,3338,2431
2022,17031440700,11.2,10.0,12.5,%,1497,1210
2022,17031283200,9.5,8.5,10.6,%,1670,1318
2022,17031480400,10.2,9.1,11.4,%,5650,4745
2022,17031063100,8.3,7.4,9.3,%,2376,2169
2022,17031430400,11.5,10.3,12.9,%,3031,2378
2022,17031220702,9.1,8.1,10.2,%,3653,2947
2022,17031490700,11.6,10.4,12.9,%,2656,2037
2022,17031350400,14.8,13.2,16.5,%,1512,952
2022,17031160800,9.2,8.2,10.3,%,4997,4030
2022,17031150600,9.2,8.1,10.3,%,3882,3074
2022,17031170300,8.8,7.9,9.9,%,5216,4215
2022,17031420700,13.9,12.4,15.6,%,3021,2236
2022,17031390500,9.9,8.9,11.1,%,1666,1334
2022,17031190602,9.1,8.1,10.2,%,5378,4002
2022,17031090100,8.5,7.6,9.5,%,3585,2700
2022,17031060200,8.4,7.5,9.4,%,2313,1956
2022,17031110100,9.0,8.0,10.1,%,5568,4526
2022,17031210400,9.8,8.7,10.9,%,2912,2298
2022,17031120100,8.4,7.5,9.4,%,4402,3248
2022,17031300700,9.2,8.2,10.3,%,4798,3348
2022,17031200200,9.0,8.0,10.1,%,5162,3854
2022,17031243100,8.1,7.2,9.1,%,2249,1808
2022,17031221300,9.2,8.2,10.3,%,3062,2704
2022,17031300600,10.4,9.3,11.6,%,3253,2323
2022,17031420100,13.3,11.9,14.8,%,1642,1218
2022,17031240800,8.3,7.4,9.3,%,1687,1426
2022,17031210602,8.8,7.9,9.9,%,4148,3423
2022,17031170100,9.9,8.8,11.0,%,2034,1866
2022,17031051300,8.3,7.4,9.2,%,2907,2140
2022,17031410100,9.6,8.6,10.7,%,2272,2049
2022,17031140400,8.1,7.2,9.1,%,6503,5129
2022,17031280400,12.7,11.4,14.2,%,1231,923
2022,17031252202,12.8,11.5,14.4,%,4783,3493
2022,17031242700,8.9,7.9,10.0,%,1938,1548
2022,17031510300,12.9,11.5,14.4,%,4850,3849
2022,17031301100,9.5,8.5,10.6,%,2323,1645
2022,17031170900,9.7,8.6,10.8,%,1662,1330
2022,17031030102,9.3,8.2,10.4,%,3121,2852
2022,17031081000,9.2,8.2,10.4,%,8746,8455
2022,17031490500,11.0,9.8,12.3,%,1995,1663
2022,17031282700,9.2,8.2,10.3,%,2558,2085
2022,17031110200,9.2,8.1,10.3,%,2772,2274
2022,17031221200,8.6,7.7,9.7,%,2954,2453
2022,17031031800,8.6,7.6,9.6,%,1910,1623
2022,17031150300,8.8,7.8,9.9,%,7120,5799
2022,17031500100,12.0,10.7,13.4,%,3545,2846
2022,17031050500,8.4,7.5,9.5,%,5117,3782
2022,17031190200,8.8,7.9,9.9,%,5652,4277
2022,17031062000,8.0,7.1,9.0,%,2843,2571
2022,17031160501,8.5,7.5,9.5,%,3703,2910
2022,17031390600,9.8,8.8,11.0,%,1994,1580
2022,17031530501,12.9,11.5,14.4,%,4514,3456
2022,17031241200,8.3,7.4,9.3,%,1714,1505
2022,17031070600,8.0,7.1,8.9,%,3449,2734
2022,17031210601,9.0,8.0,10.1,%,2717,2249
2022,17031580200,9.2,8.1,10.3,%,3466,2516
2022,17031440201,13.0,11.5,14.4,%,5054,4046
2022,17031070500,8.3,7.4,9.4,%,3322,2733
2022,17031222800,9.3,8.3,10.4,%,960,773
2022,17031340400,7.1,6.3,8.0,%,1844,1548
2022,17031230300,9.6,8.6,10.7,%,956,677
2022,17031283100,9.2,8.2,10.2,%,2717,2346
2022,17031560800,8.8,7.8,9.8,%,5682,4390
2022,17031240700,8.5,7.5,9.5,%,1499,1213
2022,17031390100,10.3,9.2,11.5,%,1553,1200
2022,17031590500,8.3,7.4,9.3,%,1854,1517
2022,17031600600,8.1,7.2,9.1,%,2988,2450
2022,17031560200,10.6,9.5,11.9,%,1710,1293
2022,17031580502,9.4,8.4,10.4,%,5345,3823
2022,17031381800,11.1,9.8,12.4,%,1462,1157
2022,17031191302,9.7,8.6,10.8,%,4940,3530
2022,17031570100,9.5,8.4,10.6,%,1316,1010
2022,17031310900,9.3,8.3,10.4,%,4781,3845
2022,17031260300,13.8,12.4,15.4,%,1528,1147
2022,17031140302,9.0,8.0,10.1,%,4060,3204
2022,17031252201,12.4,11.1,13.8,%,2940,2402
2022,17031301600,9.8,8.8,11.0,%,4995,3531
2022,17031080400,10.4,9.2,11.6,%,4569,3404
2022,17031221000,9.2,8.2,10.2,%,2432,1971
2022,17031180100,9.2,8.2,10.3,%,6656,5280
2022,17031250600,11.2,10.0,12.5,%,4203,3336
2022,17031251100,12.7,11.4,14.2,%,4468,3331
2022,17031160700,8.4,7.5,9.5,%,5766,4599
2022,17031050700,8.6,7.6,9.6,%,1513,1223
2022,17031470100,11.9,10.6,13.3,%,2527,1998
2022,17031600900,8.5,7.6,9.5,%,3682,3071
2022,17031070102,8.4,7.4,9.4,%,3063,2852
2022,17031071000,9.8,8.7,11.0,%,4357,3945
2022,17031071800,8.9,8.0,10.0,%,2652,2088
2022,17031081201,8.2,7.3,9.3,%,5080,4820
2022,17031280100,8.0,7.1,8.9,%,7421,7033
2022,17031400300,12.1,10.8,13.5,%,1504,1049
2022,17031242100,8.4,7.5,9.5,%,3976,3523
2022,17031241400,8.2,7.3,9.2,%,5273,4667
2022,17031420300,10.6,9.5,11.8,%,2818,2524
2022,17031410900,9.2,8.2,10.3,%,3670,3237
2022,17031243300,8.3,7.3,9.3,%,2431,2165
2022,17031071300,8.6,7.6,9.6,%,3893,3262
2022,17031081401,8.3,7.3,9.3,%,2508,2394
2022,17031430900,11.9,10.6,13.3,%,1797,1413
2022,17031530502,11.2,10.0,12.5,%,1570,1229
2022,17031210100,8.4,7.4,9.4,%,4066,3329
2022,17031260500,13.6,12.1,15.3,%,1833,1262
2022,17031500200,13.3,11.9,14.8,%,1688,1227
2022,17031040700,8.3,7.4,9.3,%,3426,2855
2022,17031491100,10.9,9.7,12.3,%,4079,3333
2022,17031210900,8.5,7.6,9.5,%,3170,2630
2022,17031151100,9.2,8.2,10.3,%,5140,3994
2022,17031030800,8.1,7.2,9.0,%,4284,3772
2022,17031230800,9.3,8.3,10.4,%,1234,962
2022,17031190601,9.2,8.2,10.3,%,4382,3239
2022,17031221600,8.6,7.7,9.7,%,3159,2605
2022,17031031200,10.0,8.9,11.2,%,5541,4850
2022,17031040300,8.4,7.5,9.4,%,2928,2328
2022,17031140601,8.9,8.0,10.0,%,2545,1965
2022,17031050200,8.5,7.6,9.5,%,5309,3927
2022,17031242600,9.3,8.2,10.4,%,5665,4793
2022,17031081900,9.3,8.3,10.4,%,1325,1163
2022,17031061902,8.5,7.6,9.5,%,4665,4367
2022,17031460200,11.1,9.9,12.4,%,1948,1409
2022,17031110502,8.8,7.8,9.8,%,3220,2667
2022,17031150502,9.1,8.1,10.2,%,4239,3352
2022,17031150402,9.0,8.0,10.1,%,3831,3012
2022,17031031502,10.2,9.1,11.4,%,4712,4125
2022,17031530100,11.4,10.1,12.7,%,2197,1674
2022,17031032100,9.1,8.1,10.3,%,7543,6835
2022,17031310300,9.6,8.6,10.8,%,1767,1469
2022,17031030701,9.6,8.5,10.7,%,1671,1529
2022,17031231500,11.5,10.3,12.8,%,5655,4198
2022,17031390200,10.5,9.3,11.7,%,1883,1526
2022,17031300500,9.6,8.5,10.6,%,3243,2301
2022,17031050300,8.2,7.3,9.2,%,2671,2027
2022,17031431302,13.9,12.4,15.5,%,4351,3170
2022,17031261000,13.2,11.8,14.7,%,2289,1688
2022,17031430600,12.0,10.7,13.3,%,1670,1351
2022,17031330102,8.2,7.3,9.2,%,10811,9810
2022,17031200100,8.9,7.9,10.0,%,4118,3203
2022,17031251300,11.8,10.5,13.1,%,5098,3863
2022,17031160400,8.9,7.9,10.0,%,4854,3956
2022,17031150200,9.1,8.1,10.2,%,7434,6016
2022,17031380600,12.4,11.1,13.9,%,3947,2896
2022,17031301801,9.5,8.5,10.6,%,3947,2887
2022,17031191000,9.6,8.5,10.7,%,2422,1772
2022,17031130300,8.5,7.6,9.5,%,5083,3997
2022,17031031700,8.9,7.9,10.0,%,6294,5662
2022,17031351000,9.8,8.7,11.0,%,3640,3237
2022,17031290900,13.5,12.0,15.0,%,3975,2818
2022,17031051200,8.3,7.3,9.3,%,1581,1296
2022,17031220701,8.7,7.8,9.8,%,2920,2421
2022,17031460400,11.2,10.0,12.5,%,3411,2730
2022,17031170800,9.3,8.2,10.3,%,3799,3022
2022,17031251800,13.4,12.0,15.0,%,5101,3737
2022,17031440800,13.2,11.8,14.6,%,1620,1259
2022,17031260400,13.4,11.9,15.0,%,1398,1040
2022,17031063200,8.1,7.2,9.1,%,6900,6486
2022,17031292200,12.9,11.5,14.4,%,2942,2164
2022,17031491200,12.1,10.8,13.5,%,2019,1630
2022,17031140301,8.9,8.0,10.0,%,2693,2060
2022,17031421200,12.9,11.5,14.4,%,1405,1104
2022,17031410500,10.4,9.3,11.7,%,2922,2472
2022,17031060300,8.5,7.5,9.5,%,3076,2407
2022,17031050900,9.0,8.0,10.2,%,1426,1105
2022,17031242300,9.7,8.6,10.8,%,3568,3124
2022,17031530200,12.1,10.8,13.5,%,4128,3032
2022,17031430200,12.1,10.8,13.6,%,5086,3968
2022,17031490800,11.6,10.4,13.0,%,3502,2798
2022,17031030300,9.0,8.0,10.1,%,3148,2612
2022,17031560700,9.3,8.3,10.4,%,3635,2777
2022,17031271400,12.2,10.9,13.7,%,1535,1114
2022,17031560100,8.6,7.7,9.6,%,1477,1180
2022,17031520300,9.9,8.8,11.1,%,5675,4225
2022,17031020802,8.5,7.5,9.5,%,7546,5471
2022,17031140800,8.6,7.7,9.6,%,6486,5247
2022,17031100700,9.2,8.2,10.3,%,4967,3950
2022,17031240300,8.3,7.3,9.3,%,1362,1102
2022,17031570400,8.7,7.8,9.8,%,1769,1296
2022,17031410800,8.6,7.7,9.7,%,2993,2642
2022,17031561100,8.7,7.8,9.8,%,5581,4302
2022,17031430500,13.2,11.8,14.7,%,4098,3165
2022,17031160300,9.0,8.0,10.0,%,3769,3232
2022,17031062400,8.4,7.5,9.4,%,1673,1389
2022,17031243500,8.7,7.7,9.7,%,4746,4261
2022,17031061500,8.6,7.6,9.6,%,1797,1568
2022,17031310600,9.4,8.3,10.5,%,5498,4690
2022,17031080100,8.3,7.4,9.3,%,6388,5976
2022,17031292500,12.1,10.8,13.5,%,4057,3087
2022,17031351400,13.4,12.0,15.0,%,1392,1100
2022,17031220500,8.7,7.7,9.7,%,2751,2407
2022,17031300800,11.1,9.9,12.4,%,4136,2958
2022,17031271800,11.7,10.5,13.1,%,976,669
2022,17031081202,7.9,7.0,8.8,%,3357,3137
2022,17031150501,8.4,7.4,9.4,%,3823,3064
2022,17031140500,8.6,7.6,9.6,%,3451,2733
2022,17031390700,9.5,8.5,10.6,%,6532,5798
2022,17031242000,8.4,7.5,9.4,%,4692,4219
2022,17031160602,8.6,7.6,9.6,%,3481,2807
2022,17031241300,8.7,7.7,9.7,%,1848,1594
2022,17031071100,9.2,8.2,10.3,%,3091,2693
2022,17031130100,8.0,7.2,9.0,%,5205,3992
2022,17031030604,8.4,7.5,9.4,%,3737,3439
2022,17031320600,8.4,7.4,9.4,%,6395,6015
2022,17031230200,9.2,8.1,10.2,%,1834,1426
2022,17031222600,8.9,7.9,9.9,%,1599,1340
2022,17031380100,11.5,10.3,12.9,%,2207,1744
2022,17031061000,8.7,7.7,9.7,%,2279,2099
2022,17031110300,8.5,7.6,9.5,%,5348,4286
2022,17031030400,8.5,7.6,9.6,%,2597,2173
2022,17031070400,8.6,7.6,9.6,%,3250,2753
2022,17031430102,12.4,11.1,13.9,%,3104,2578
2022,17031060400,8.3,7.4,9.3,%,3709,2860
2022,17031170700,9.2,8.2,10.2,%,3068,2430
2022,17031061901,8.7,7.8,9.8,%,3625,3325
2022,17031030103,9.9,8.9,11.1,%,2104,1948
2022,17031061800,8.7,7.7,9.7,%,1051,997
2022,17031080300,8.4,7.5,9.4,%,5499,5071
2022,17031231200,10.8,9.7,12.0,%,5983,4450
2022,17031580501,8.9,7.9,9.9,%,5170,3781
2022,17031580100,8.4,7.5,9.4,%,3228,2467
2022,17031600400,7.7,6.8,8.6,%,4297,3481
2022,17031580800,9.4,8.4,10.5,%,2058,1444
2022,17031190300,9.2,8.1,10.2,%,5738,4514
2022,17031020701,8.0,7.1,9.0,%,1879,1489
2022,17031051000,8.3,7.4,9.4,%,1538,1174
2022,17031051400,8.7,7.7,9.7,%,2492,1912
2022,17031230700,10.3,9.2,11.5,%,6218,4747
2022,17031062500,8.7,7.7,9.7,%,1675,1432
2022,17031020901,9.6,8.6,10.7,%,5848,4299
2022,17031062100,8.2,7.3,9.2,%,3817,3550
2022,17031100200,8.8,7.8,9.9,%,7024,5589
2022,17031270500,15.1,13.5,16.8,%,1619,1144
2022,17031280900,12.4,11.0,13.8,%,1077,721
2022,17031420500,12.7,11.4,14.3,%,2053,1659
2022,17031242900,8.9,7.9,9.9,%,1962,1619
2022,17031220902,9.1,8.1,10.2,%,2959,2280
2022,17031252101,12.0,10.7,13.5,%,1502,1221
2022,17031260900,13.4,11.9,14.9,%,1778,1308
2022,17031242500,9.0,8.0,10.1,%,3426,2930
2022,17031410700,9.9,8.9,11.1,%,2399,2124
2022,17031520400,9.3,8.3,10.4,%,4055,3003
2022,17031440900,12.2,10.8,13.6,%,2462,1903
2022,17031161300,9.8,8.7,11.0,%,3899,3198
2022,17031400500,13.1,11.7,14.6,%,2372,1651
2022,17031240600,8.7,7.8,9.8,%,1489,1204
2022,17031241000,9.0,8.0,10.1,%,2363,1926
2022,17031381900,11.5,10.2,12.8,%,1106,886
2022,17031081600,8.0,7.1,9.0,%,4168,3976
2022,17031420200,11.7,10.5,13.2,%,1781,1397
2022,17031243000,8.8,7.8,9.8,%,2234,1891
2022,17031243200,8.5,7.5,9.6,%,2287,1889
2022,17031170500,9.1,8.1,10.2,%,5316,4280
2022,17031190702,10.0,8.9,11.2,%,4952,3595
2022,17031040100,8.8,7.8,9.8,%,3905,3249
2022,17031251700,11.2,10.0,12.6,%,1347,999
2022,17031140200,9.2,8.2,10.3,%,5834,4801
2022,17031250400,11.7,10.5,13.1,%,5789,4527
2022,17031351100,15.3,13.7,17.1,%,2038,1247
2022,17031243400,8.5,7.6,9.6,%,2880,2538
2022,17031260200,13.0,11.7,14.5,%,1054,775
2022,17031050800,8.9,7.9,10.0,%,1406,1019
2022,17031140702,8.9,7.9,10.0,%,5535,4301
2022,17031330103,8.9,7.9,10.0,%,8248,7020
2022,17031350100,7.7,6.8,8.6,%,2228,2095
2022,17031251000,12.1,10.8,13.5,%,1075,804
2022,17031040800,8.6,7.7,9.7,%,1636,1337
2022,17031160200,8.2,7.3,9.2,%,3278,2580
2022,17031450300,11.9,10.6,13.3,%,3252,2671
2022,17031260600,13.2,11.8,14.7,%,2114,1518
2022,17031210800,8.3,7.4,9.3,%,986,843
2022,17031221500,8.8,7.9,9.9,%,2909,2495
2022,17031381200,11.3,10.1,12.6,%,2077,1623
2022,17031090300,9.0,8.0,10.2,%,1314,991
2022,17031100600,8.8,7.9,9.9,%,4897,3899
2022,17031301200,9.9,8.8,11.1,%,4087,2993
2022,17031160601,8.4,7.5,9.4,%,3380,2674
2022,17031530503,11.6,10.3,12.9,%,4898,3827
2022,17031120300,7.9,7.0,8.8,%,6920,5212
2022,17031161100,8.3,7.4,9.4,%,1940,1481
2022,17031500300,11.0,9.8,12.3,%,1587,1302
2022,17031171100,9.3,8.3,10.4,%,4235,3293
2022,17031390300,12.7,11.4,14.1,%,2617,2063
2022,17031431400,12.7,11.4,14.3,%,6716,5644
2022,17031051100,8.6,7.7,9.7,%,1599,1193
2022,17031220602,8.7,7.7,9.8,%,4877,4214
2022,17031440300,11.5,10.2,12.8,%,4677,3893
2022,17031460500,10.9,9.7,12.2,%,5400,4490
2022,17031191301,9.6,8.5,10.7,%,5214,3816
2022,17031063301,9.1,8.0,10.2,%,2833,2680
2022,17031282800,9.3,8.3,10.4,%,1634,1435
2022,17031252000,12.1,10.8,13.5,%,5646,4349
2022,17031480200,11.9,10.6,13.3,%,1103,926
2022,17031420400,10.7,9.6,12.0,%,1544,1272
2022,17031062900,8.2,7.3,9.2,%,4125,3635
2022,17031062800,8.3,7.3,9.3,%,3851,3191
2022,17031220601,8.3,7.4,9.2,%,1635,1446
2022,17031070103,9.2,8.2,10.3,%,1845,1752
2022,17031430700,11.5,10.2,12.8,%,2175,1881
2022,17031071600,8.7,7.7,9.7,%,1793,1364
2022,17031190800,9.2,8.2,10.3,%,6831,5096
2022,17031251400,11.5,10.3,12.9,%,3986,3225
2022,17031400400,12.8,11.4,14.3,%,1995,1483
2022,17031100100,9.1,8.1,10.2,%,5538,4447
2022,17031063400,8.5,7.6,9.5,%,2417,2202
2022,17031020602,8.2,7.3,9.2,%,4662,3496
2022,17031411000,9.2,8.2,10.3,%,3902,3575
2022,17031200402,9.6,8.5,10.7,%,4192,3186
2022,17031540102,14.6,13.0,16.1,%,2938,1823
2022,17031120400,8.5,7.6,9.6,%,3526,2790
2022,17031320101,7.7,6.9,8.7,%,9532,8702
2022,17031151001,9.1,8.1,10.2,%,2833,2132
2022,17031060900,8.3,7.4,9.3,%,7104,6702
2022,17031170600,9.0,8.0,10.1,%,2551,2084
2022,17031031000,8.1,7.2,9.1,%,3868,3439
2022,17031040402,8.7,7.8,9.7,%,4746,4144
2022,17031030702,8.0,7.1,9.0,%,2318,2144
2022,17031190402,9.2,8.2,10.3,%,5294,4110
2022,17031030603,9.1,8.1,10.2,%,2045,1861
2022,17031031300,9.2,8.2,10.3,%,6719,6159
2022,17031340300,7.4,6.6,8.3,%,1865,1587
2022,17031230600,10.5,9.3,11.7,%,6817,5102
2022,17031240900,8.8,7.9,9.9,%,1122,967
2022,17031340600,15.4,13.8,17.2,%,1151,769
2022,17031530600,12.7,11.4,14.2,%,2774,2040
2022,17031561000,8.7,7.8,9.8,%,5308,4195
2022,17031360200,13.8,12.4,15.4,%,1651,1205
2022,17031570500,8.5,7.6,9.5,%,2639,1909
2022,17031580700,9.5,8.5,10.6,%,5621,4182
2022,17031071500,8.4,7.4,9.4,%,6282,5737
2022,17031590700,8.8,7.8,9.8,%,3027,2282
2022,17031570300,8.4,7.4,9.4,%,6376,4558
2022,17031560400,9.6,8.5,10.7,%,1630,1258
2022,17031210501,9.1,8.1,10.2,%,3555,2928
2022,17031301802,9.0,8.0,10.1,%,3376,2437
2022,17031550200,8.9,8.0,10.0,%,2969,2241
2022,17031480300,11.7,10.5,13.1,%,1348,1102
2022,17031510100,9.2,8.2,10.3,%,3231,2389
2022,17031280800,13.1,11.7,14.6,%,1198,852
2022,17031440600,11.5,10.2,12.8,%,1996,1655
2022,17031381500,13.8,12.3,15.4,%,667,545
2022,17031063000,8.2,7.3,9.2,%,3417,3167
2022,17031580400,8.5,7.6,9.5,%,4546,3366
2022,17031081403,7.7,6.9,8.6,%,9843,9232
2022,17031230500,9.9,8.8,11.1,%,3419,2589
2022,17031170200,8.7,7.8,9.8,%,3812,3043
2022,17031291200,14.0,12.5,15.7,%,2286,1527
2022,17031230100,9.3,8.3,10.4,%,1504,1229
2022,17031170400,8.9,7.9,9.9,%,4141,3371
2022,17031530300,12.1,10.8,13.6,%,3964,3117
2022,17031062200,8.1,7.2,9.1,%,3244,2796
2022,17031310500,9.6,8.5,10.7,%,1399,1195
2022,17031271500,12.3,10.9,13.7,%,1373,1039
2022,17031200300,8.8,7.8,9.9,%,2015,1572
2022,17031251600,12.9,11.5,14.4,%,3522,2663
2022,17031220400,8.3,7.4,9.3,%,2579,2217
2022,17031271200,12.5,11.2,14.0,%,1172,842
2022,17031061100,8.3,7.4,9.4,%,1367,1235
2022,17031610400,8.9,7.9,10.0,%,2029,1413
2022,17031491300,12.9,11.5,14.4,%,2023,1548
2022,17031480500,11.1,10.0,12.4,%,2986,2405
2022,17031320400,9.3,8.3,10.4,%,2856,2723
2022,17031240500,8.1,7.2,9.1,%,2610,2272
2022,17031222500,8.7,7.7,9.7,%,1415,1192
2022,17031190701,9.1,8.1,10.1,%,2972,2184
2022,17031080202,8.7,7.7,9.7,%,4225,3954
2022,17031430101,12.8,11.4,14.3,%,4091,3115
2022,17031310700,9.3,8.2,10.4,%,1700,1413
2022,17031440101,13.0,11.5,14.6,%,4171,3250
2022,17031191200,9.8,8.8,11.0,%,3810,2737
2022,17031081700,8.0,7.1,9.0,%,5537,5301
2022,17031190900,8.4,7.4,9.4,%,1927,1518
2022,17031260100,12.5,11.2,14.1,%,1477,1222
2022,17031130200,8.0,7.1,9.0,%,1403,1156
2022,17031460800,12.6,11.3,14.0,%,3639,2435
2022,17031140100,8.5,7.6,9.5,%,3464,2670
2022,17031070300,8.2,7.3,9.2,%,4349,3871
2022,17031300900,9.9,8.7,11.1,%,4553,3272
2022,17031250300,11.7,10.5,13.1,%,4742,3631
2022,17031140701,8.6,7.6,9.6,%,2784,2292
2022,17031430300,12.8,11.4,14.4,%,2558,1759
2022,17031171000,8.9,7.9,9.9,%,7313,5834
2022,17031081300,8.0,7.1,9.0,%,5540,5202
2022,17031160100,9.2,8.2,10.3,%,2444,1975
2022,17031242200,8.5,7.5,9.6,%,4082,3635
2022,17031411200,8.3,7.4,9.3,%,1713,1421
2022,17031030500,8.5,7.5,9.5,%,6183,5381
2022,17031242800,8.6,7.6,9.6,%,1507,1256
2022,17031060800,8.1,7.2,9.1,%,5295,5027
2022,17031281900,7.1,6.3,7.9,%,7031,6593
2022,17031030104,10.1,9.0,11.3,%,3521,3342
2022,17031242400,8.5,7.5,9.5,%,2902,2599
2022,17031110400,8.5,7.6,9.5,%,4522,3690
2022,17031220901,9.9,8.8,11.0,%,2903,2213
2022,17031100500,8.5,7.5,9.5,%,6116,4780
2022,17031410600,9.5,8.4,10.6,%,2371,2115
2022,17031062700,8.0,7.1,8.9,%,2955,2425
2022,17031100300,9.4,8.5,10.6,%,6252,5095
2022,17031020702,8.9,8.0,10.0,%,7717,5858
2022,17031020902,9.4,8.4,10.5,%,4488,3689
2022,17031330200,8.6,7.7,9.6,%,4008,3130
2022,17031530400,11.8,10.6,13.2,%,2059,1585
2022,17031161000,8.8,7.8,9.8,%,1899,1538
2022,17031461000,11.0,9.8,12.3,%,1460,1238
2022,17031252102,13.0,11.6,14.5,%,6187,4704
2022,17031440102,11.7,10.4,13.0,%,3633,2985
2022,17031330101,7.8,6.9,8.7,%,4592,3919
2022,17031040401,8.7,7.8,9.8,%,3129,2493
2022,17031491400,12.6,11.3,14.0,%,2593,2017
2022,17031150800,9.0,8.0,10.1,%,4903,3881
2022,17031200401,9.2,8.2,10.3,%,3743,2723
2022,17031380200,12.6,11.3,14.1,%,2408,2181
2022,17031292400,13.1,11.7,14.5,%,2041,1519
2022,17031210700,8.4,7.4,9.3,%,3907,3293
2022,17031490902,11.6,10.3,12.9,%,4647,3757
2022,17031221400,8.3,7.4,9.3,%,3385,2929
2022,17031381400,13.3,11.8,14.8,%,1796,1339
2022,17031190401,8.7,7.8,9.8,%,4325,3335
2022,17031250800,11.4,10.1,12.6,%,2432,1900
2022,17031520500,8.9,7.9,9.9,%,4420,3374
2022,17031060100,8.4,7.4,9.3,%,2830,2328
2022,17031283800,10.7,9.5,11.9,%,3343,2734
2022,17031301702,9.8,8.7,11.0,%,4121,2910
2022,17031611200,10.5,9.3,11.7,%,2680,1826
2022,17031241600,8.5,7.6,9.6,%,3534,3251
2022,17031420600,13.4,11.9,15.0,%,2524,1768
2022,17031260800,13.0,11.6,14.5,%,2271,1670
2022,17031431200,11.3,10.1,12.7,%,2898,2315
2022,17031411100,8.5,7.5,9.5,%,2379,2022
2022,17031570200,8.7,7.7,9.7,%,2096,1561
2022,17031390400,11.9,10.7,13.3,%,2871,2319
2022,17031080201,8.4,7.5,9.5,%,3375,3214
2022,17031120200,8.5,7.6,9.6,%,4748,3542
2022,17031031400,8.0,7.1,9.0,%,5221,4912
2022,17031150700,8.8,7.8,9.9,%,4429,3470
2022,17031460301,12.2,10.9,13.6,%,2987,2260
2022,17031063303,7.8,6.9,8.7,%,1274,1218
2022,17031250500,9.4,8.3,10.5,%,7315,5914
2022,17031560300,9.3,8.3,10.4,%,3253,2482
2022,17031030900,8.4,7.5,9.4,%,2952,2548
2022,17031231100,10.8,9.6,12.1,%,1214,878
2022,17031030703,8.9,7.9,9.9,%,3075,2829
2022,17031550100,9.8,8.7,10.9,%,7019,5379
2022,17031070200,8.4,7.4,9.4,%,4200,3684
2022,17031071200,8.6,7.6,9.6,%,2973,2545
2022,17031560900,9.1,8.1,10.2,%,5112,4019
2022,17031040201,8.4,7.5,9.4,%,6408,5340
2022,17031040900,8.5,7.6,9.5,%,2063,1753
2022,17031090200,8.8,7.8,9.8,%,6626,5265
2022,17031310200,8.4,7.4,9.4,%,1588,1378
2022,17031400800,13.9,12.4,15.6,%,3178,2141
2022,17031750400,9.5,8.4,10.6,%,2909,2303
2022,17031770601,8.6,7.7,9.7,%,3272,2658
2022,17031810301,9.4,8.4,10.5,%,4105,3228
2022,17031816700,9.5,8.4,10.6,%,2693,2049
2022,17031740400,9.3,8.3,10.4,%,4695,3617
2022,17031808800,8.3,7.4,9.3,%,3988,3139
2022,17031800300,8.1,7.2,9.1,%,3613,2529
2022,17031671900,11.3,10.1,12.7,%,1122,872
2022,17031801100,8.3,7.4,9.3,%,4871,3392
2022,17031806102,8.5,7.6,9.5,%,4400,3621
2022,17031809900,8.4,7.5,9.4,%,3046,2450
2022,17031811701,9.4,8.3,10.5,%,3455,2554
2022,17031801901,8.2,7.3,9.2,%,5016,3989
2022,17031803017,8.7,7.8,9.8,%,6283,5011
2022,17031802402,8.4,7.5,9.4,%,5543,4674
2022,17031813100,9.1,8.1,10.2,%,4678,3482
2022,17031818300,9.7,8.6,10.8,%,5922,4660
2022,17031813701,9.3,8.3,10.5,%,3886,2771
2022,17031820204,8.8,7.9,9.9,%,4434,3667
2022,17031804104,7.4,6.5,8.3,%,4949,3711
2022,17031802607,8.8,7.9,9.9,%,1536,1194
2022,17031710500,12.4,11.1,13.9,%,4036,3248
2022,17031820603,10.1,9.0,11.3,%,5530,4207
2022,17031818900,8.6,7.7,9.6,%,4496,3538
2022,17031670900,11.3,10.1,12.6,%,1172,866
2022,17031809700,9.2,8.2,10.3,%,3714,2807
2022,17031803800,9.0,8.0,10.1,%,4522,3597
2022,17031812100,9.4,8.4,10.5,%,4763,3413
2022,17031803300,8.6,7.7,9.7,%,5726,4751
2022,17031802900,8.4,7.5,9.4,%,6055,4545
2022,17031820101,8.5,7.6,9.5,%,7889,6417
2022,17031804705,8.7,7.7,9.7,%,4148,3251
2022,17031660400,10.0,8.9,11.2,%,5692,4156
2022,17031804609,7.2,6.4,8.1,%,6147,4886
2022,17031820502,9.6,8.6,10.8,%,5380,4293
2022,17031804108,7.8,7.0,8.8,%,4798,3747
2022,17031823002,10.1,9.0,11.3,%,6006,4677
2022,17031711300,11.9,10.6,13.3,%,1462,1177
2022,17031611800,10.3,9.2,11.5,%,2205,1560
2022,17031813302,10.0,8.9,11.2,%,3858,2635
2022,17031804514,7.8,6.9,8.7,%,4690,3594
2022,17031611400,10.6,9.4,11.9,%,3737,2608
2022,17031760803,9.7,8.6,10.8,%,6394,5097
2022,17031823400,10.2,9.1,11.4,%,4892,3702
2022,17031820901,9.4,8.3,10.4,%,5582,4340
2022,17031812500,9.6,8.6,10.8,%,3680,2854
2022,17031821900,9.7,8.6,10.8,%,5129,3892
2022,17031802003,8.1,7.2,9.1,%,2679,2031
2022,17031811301,9.0,8.1,10.1,%,4802,3703
2022,17031805108,8.4,7.5,9.4,%,6400,5009
2022,17031806300,9.0,8.1,10.1,%,4687,3765
2022,17031630600,9.5,8.4,10.6,%,3250,2347
2022,17031817600,11.1,9.9,12.4,%,3825,2948
2022,17031806103,8.4,7.5,9.5,%,5269,4271
2022,17031770800,9.4,8.4,10.5,%,5661,4457
2022,17031819400,9.4,8.4,10.5,%,5686,4345
2022,17031814900,9.6,8.6,10.8,%,6557,4899
2022,17031802505,8.7,7.8,9.8,%,6723,5233
2022,17031804105,8.1,7.2,9.1,%,4168,3219
2022,17031804901,8.7,7.8,9.8,%,6927,5258
2022,17031711500,12.4,11.1,13.8,%,2372,1872
2022,17031804807,9.0,8.0,10.1,%,5224,4030
2022,17031620200,8.8,7.8,9.8,%,2390,1816
2022,17031630400,9.2,8.2,10.3,%,7204,5139
2022,17031800400,8.2,7.3,9.2,%,3936,2763
2022,17031640300,9.4,8.4,10.5,%,6710,5118
2022,17031804712,8.3,7.4,9.3,%,5456,4142
2022,17031820800,9.5,8.5,10.7,%,3695,2808
2022,17031804716,7.6,6.8,8.5,%,5360,4150
2022,17031700301,9.6,8.6,10.8,%,5762,4197
2022,17031811401,9.6,8.5,10.7,%,5001,3891
2022,17031805002,8.8,7.9,9.9,%,7422,5838
2022,17031805701,9.1,8.1,10.2,%,5485,4092
2022,17031801607,7.5,6.7,8.4,%,5225,4181
2022,17031813500,8.9,7.9,10.0,%,7169,5317
2022,17031803607,8.9,8.0,10.0,%,4819,3944
2022,17031804306,8.9,7.9,10.0,%,5626,4218
2022,17031814600,9.3,8.2,10.3,%,5616,4247
2022,17031822102,9.3,8.3,10.4,%,4504,3726
2022,17031816401,9.2,8.2,10.3,%,4664,3358
2022,17031801701,7.6,6.8,8.6,%,3846,2758
2022,17031801606,7.7,6.9,8.6,%,6716,5318
2022,17031823302,10.3,9.2,11.5,%,5739,4555
2022,17031805201,7.9,7.0,8.8,%,3475,2921
2022,17031805109,8.9,8.0,10.0,%,4396,3555
2022,17031671600,12.4,11.0,13.9,%,1804,1384
2022,17031805502,8.4,7.5,9.4,%,4295,3263
2022,17031823500,9.8,8.7,11.0,%,4301,3288
2022,17031805902,8.5,7.6,9.5,%,6503,5141
2022,17031806005,7.7,6.8,8.6,%,3258,2495
2022,17031820103,9.1,8.1,10.2,%,4285,3279
2022,17031817900,10.8,9.6,12.1,%,5532,4554
2022,17031814000,9.1,8.1,10.2,%,4706,3552
2022,17031670300,12.2,10.9,13.6,%,1287,920
2022,17031661000,11.7,10.4,13.1,%,5756,4328
2022,17031812900,8.8,7.8,9.9,%,4846,3556
2022,17031801400,8.0,7.1,9.0,%,2922,2196
2022,17031804109,8.3,7.4,9.3,%,3078,2484
2022,17031822400,10.4,9.3,11.6,%,6362,4806
2022,17031822701,9.1,8.1,10.2,%,4438,3657
2022,17031822900,9.7,8.6,10.9,%,2078,1612
2022,17031803901,8.9,8.0,10.0,%,3935,3421
2022,17031808200,8.8,7.9,9.9,%,5646,4473
2022,17031802610,7.8,6.9,8.7,%,1757,1442
2022,17031815600,9.3,8.3,10.5,%,5608,4322
2022,17031700100,10.8,9.6,12.1,%,3326,2526
2022,17031803605,9.3,8.2,10.3,%,7002,5559
2022,17031808001,7.4,6.5,8.3,%,3981,3191
2022,17031821102,9.4,8.4,10.5,%,4231,3209
2022,17031803616,8.8,7.9,9.9,%,4635,3887
2022,17031691100,12.3,10.9,13.7,%,2980,2225
2022,17031821800,9.7,8.6,10.8,%,5415,4126
2022,17031710100,12.3,11.0,13.7,%,1015,772
2022,17031640700,9.0,8.0,10.1,%,3298,2475
2022,17031809600,9.5,8.5,10.6,%,3319,2406
2022,17031750500,11.1,9.9,12.4,%,5618,4517
2022,17031821402,11.5,10.3,12.9,%,3200,2546
2022,17031650301,9.1,8.1,10.3,%,5829,4195
2022,17031811702,9.7,8.6,10.8,%,5384,4105
2022,17031816100,9.6,8.5,10.7,%,6259,5246
2022,17031807000,9.0,8.0,10.1,%,5866,4601
2022,17031730500,11.3,10.1,12.7,%,4220,3346
2022,17031806700,8.4,7.5,9.4,%,4486,3397
2022,17031820000,8.0,7.1,8.9,%,2230,1502
2022,17031806202,8.9,7.9,10.0,%,4998,4358
2022,17031807300,7.9,7.0,8.8,%,7718,6243
2022,17031813000,8.9,7.9,10.0,%,3935,2874
2022,17031710400,12.0,10.7,13.4,%,5424,4191
2022,17031807700,8.7,7.8,9.8,%,6147,4850
2022,17031711200,11.6,10.4,13.0,%,4687,3930
2022,17031690300,11.3,10.1,12.6,%,2302,1756
2022,17031807600,8.2,7.3,9.2,%,6705,5302
2022,17031804314,8.1,7.2,9.1,%,1682,1448
2022,17031740100,9.6,8.6,10.8,%,3234,2435
2022,17031819200,10.2,9.1,11.4,%,6154,4790
2022,17031730100,11.4,10.1,12.7,%,2462,1973
2022,17031804506,8.2,7.3,9.2,%,5472,4359
2022,17031681100,12.8,11.4,14.3,%,2873,2102
2022,17031803702,8.0,7.1,9.0,%,6376,5036
2022,17031804610,8.5,7.6,9.6,%,2524,2060
2022,17031813802,8.9,7.9,10.0,%,4958,3664
2022,17031812200,8.8,7.9,9.9,%,3984,2900
2022,17031817200,12.0,10.8,13.4,%,4821,3557
2022,17031814500,8.8,7.8,9.8,%,5395,4124
2022,17031804202,7.9,7.0,8.8,%,7793,5973
2022,17031801601,7.9,7.0,8.8,%,4734,3831
2022,17031800800,8.4,7.5,9.4,%,2426,1935
2022,17031804706,8.6,7.6,9.6,%,2553,1963
2022,17031770902,9.1,8.1,10.2,%,3732,3066
2022,17031802403,8.5,7.5,9.5,%,1531,1363
2022,17031802608,8.7,7.7,9.7,%,6730,5530
2022,17031803902,9.1,8.1,10.2,%,3429,2813
2022,17031801902,8.6,7.7,9.7,%,3420,2462
2022,17031803613,9.1,8.1,10.2,%,3434,2444
2022,17031803500,8.3,7.3,9.3,%,5803,4414
2022,17031819700,8.5,7.6,9.6,%,6028,4213
2022,17031818200,9.5,8.5,10.6,%,4762,3791
2022,17031814200,8.5,7.6,9.6,%,7671,5414
2022,17031816000,9.1,8.1,10.3,%,3307,2943
2022,17031812400,8.2,7.3,9.2,%,3458,2499
2022,17031671400,12.6,11.3,14.1,%,1558,1139
2022,17031809401,7.7,6.9,8.7,%,2747,2531
2022,17031670500,11.4,10.2,12.7,%,1148,834
2022,17031650400,9.8,8.7,11.0,%,6894,4982
2022,17031816600,9.1,8.1,10.2,%,4522,3321
2022,17031803400,8.5,7.5,9.5,%,6592,4859
2022,17031660800,10.9,9.8,12.1,%,6114,4531
2022,17031803612,9.6,8.5,10.7,%,3831,2768
2022,17031710900,12.7,11.4,14.1,%,1942,1420
2022,17031822702,9.8,8.7,10.9,%,3828,3027
2022,17031804511,8.6,7.6,9.6,%,2426,1802
2022,17031815702,8.6,7.7,9.7,%,5302,4040
2022,17031720200,9.8,8.7,10.9,%,4131,3257
2022,17031804603,8.0,7.1,8.9,%,5651,4531
2022,17031811402,8.9,8.0,10.0,%,4572,3556
2022,17031820501,9.7,8.6,10.9,%,5905,4615
2022,17031710300,11.7,10.5,13.1,%,1424,1099
2022,17031804404,9.2,8.3,10.3,%,5147,3857
2022,17031818700,8.6,7.6,9.6,%,3691,2801
2022,17031803014,9.1,8.1,10.1,%,3677,2946
2022,17031611300,9.8,8.7,11.0,%,3668,2505
2022,17031760802,9.2,8.2,10.4,%,2374,2015
2022,17031818800,9.2,8.2,10.3,%,5692,4306
2022,17031804308,9.1,8.1,10.2,%,5518,4583
2022,17031710700,11.9,10.6,13.2,%,3420,2686
2022,17031812700,9.1,8.1,10.2,%,3192,2603
2022,17031611700,11.6,10.3,13.0,%,2180,1453
2022,17031630300,8.8,7.8,9.9,%,5385,3852
2022,17031804808,8.7,7.7,9.7,%,2596,2011
2022,17031660900,11.8,10.6,13.2,%,4446,3255
2022,17031806001,8.4,7.5,9.3,%,5818,4929
2022,17031800700,8.1,7.2,9.0,%,5257,3640
2022,17031820400,9.7,8.7,10.9,%,5556,4044
2022,17031816900,10.2,9.1,11.4,%,5561,4339
2022,17031670800,11.9,10.6,13.3,%,1477,1085
2022,17031620100,9.1,8.1,10.2,%,4567,3373
2022,17031804804,8.7,7.7,9.7,%,6809,5330
2022,17031650200,9.0,8.0,10.1,%,7251,5373
2022,17031813600,9.2,8.2,10.3,%,5443,3938
2022,17031711100,11.6,10.4,13.0,%,2499,2052
2022,17031809402,9.2,8.1,10.3,%,3374,3192
2022,17031750600,12.3,11.0,13.7,%,3420,2676
2022,17031670200,11.8,10.5,13.1,%,1325,930
2022,17031630500,9.2,8.1,10.3,%,6271,4472
2022,17031803200,8.7,7.8,9.8,%,5586,4381
2022,17031640100,8.9,8.0,10.0,%,1312,1006
2022,17031809800,9.0,8.0,10.1,%,2678,2221
2022,17031720300,8.9,7.9,10.0,%,3637,2811
2022,17031808302,7.8,7.0,8.8,%,4367,3554
2022,17031671300,12.8,11.4,14.3,%,2048,1552
2022,17031808002,7.5,6.6,8.4,%,5281,4149
2022,17031806006,8.0,7.1,8.9,%,4885,4065
2022,17031700200,9.4,8.3,10.5,%,6554,4759
2022,17031822200,9.3,8.3,10.4,%,3929,3016
2022,17031805110,8.5,7.6,9.6,%,4440,3648
2022,17031804803,8.5,7.6,9.6,%,5721,4372
2022,17031814100,9.8,8.7,10.9,%,4683,3312
2022,17031720700,10.7,9.5,11.9,%,3073,2521
2022,17031805202,8.0,7.1,9.0,%,4078,3171
2022,17031804713,7.2,6.4,8.0,%,5037,3917
2022,17031700402,10.5,9.3,11.8,%,4082,3067
2022,17031770700,9.2,8.2,10.3,%,2537,2093
2022,17031660700,12.2,10.9,13.6,%,2076,1554
2022,17031802504,9.0,8.0,10.1,%,6442,5103
2022,17031805105,8.7,7.7,9.7,%,7278,5579
2022,17031815701,8.8,7.8,9.9,%,4124,3033
2022,17031750300,8.7,7.7,9.7,%,2470,1859
2022,17031660302,10.0,8.9,11.2,%,5549,3890
2022,17031821500,13.3,11.9,14.8,%,1421,1043
2022,17031720600,9.0,8.0,10.1,%,1691,1300
2022,17031801300,8.6,7.6,9.6,%,4430,3228
2022,17031819300,9.2,8.2,10.3,%,2777,2182
2022,17031821300,10.6,9.5,11.9,%,5477,4143
2022,17031807400,8.6,7.6,9.6,%,6824,5216
2022,17031805702,8.3,7.4,9.3,%,2089,1601
2022,17031804508,9.5,8.5,10.6,%,2343,1735
2022,17031807900,7.6,6.7,8.5,%,4201,3396
2022,17031740200,9.7,8.7,10.9,%,5830,4430
2022,17031671500,12.3,11.0,13.7,%,2716,1978
2022,17031820606,9.4,8.4,10.5,%,3866,3212
2022,17031810100,8.9,8.0,10.0,%,4480,3555
2022,17031806104,8.9,7.9,10.0,%,4134,3377
2022,17031823602,9.6,8.5,10.7,%,6209,5330
2022,17031806400,9.0,8.0,10.1,%,2492,1979
2022,17031700401,10.6,9.5,11.9,%,5822,4459
2022,17031803005,8.2,7.3,9.2,%,2614,2031
2022,17031806801,8.2,7.3,9.2,%,4294,3523
2022,17031803010,8.5,7.6,9.6,%,5351,4196
2022,17031806501,9.0,8.0,10.1,%,2665,2085
2022,17031808301,7.8,6.9,8.7,%,6520,5342
2022,17031819802,8.3,7.4,9.3,%,2741,2025
2022,17031730201,11.4,10.1,12.7,%,5627,4533
2022,17031809300,9.3,8.2,10.4,%,5043,4416
2022,17031808600,8.4,7.5,9.4,%,2465,1844
2022,17031804315,8.2,7.3,9.2,%,2446,1984
2022,17031823303,9.8,8.7,10.9,%,4581,3467
2022,17031820203,9.0,8.0,10.1,%,4038,3099
2022,17031817700,11.1,9.9,12.4,%,4803,3757
2022,17031805401,8.4,7.5,9.4,%,4056,3284
2022,17031815400,9.3,8.3,10.4,%,5545,4460
2022,17031811200,9.4,8.4,10.5,%,5401,4239
2022,17031823101,10.4,9.3,11.7,%,4515,3570
2022,17031681000,13.8,12.3,15.3,%,2573,1973
2022,17031810302,9.1,8.1,10.2,%,3360,2637
2022,17031681400,11.8,10.5,13.2,%,2474,1867
2022,17031818402,9.2,8.2,10.3,%,3282,2722
2022,17031812302,9.2,8.2,10.3,%,2681,1971
2022,17031810800,9.0,8.0,10.1,%,5124,4043
2022,17031808900,8.2,7.3,9.2,%,4149,3113
2022,17031821101,9.5,8.5,10.6,%,4876,3749
2022,17031804204,8.0,7.1,9.0,%,5263,4020
2022,17031730400,11.3,10.1,12.6,%,3386,2735
2022,17031720100,9.4,8.3,10.5,%,3344,2567
2022,17031710800,12.9,11.6,14.4,%,4804,3782
2022,17031810600,9.3,8.3,10.4,%,4949,3965
2022,17031770300,8.7,7.7,9.7,%,7234,5925
2022,17031806802,8.3,7.4,9.3,%,3445,2639
2022,17031800100,8.3,7.4,9.4,%,2395,1722
2022,17031811500,9.3,8.3,10.4,%,6031,4780
2022,17031804512,7.8,7.0,8.8,%,3995,3186
2022,17031817500,11.3,10.1,12.6,%,3612,2785
2022,17031803015,8.7,7.7,9.7,%,4631,3884
2022,17031803007,8.9,7.9,9.9,%,5153,4290
2022,17031800900,7.4,6.6,8.4,%,4505,3420
2022,17031821002,9.4,8.4,10.6,%,5764,4446
2022,17031803603,7.8,7.0,8.7,%,6824,5267
2022,17031803614,10.4,9.3,11.6,%,4422,3206
2022,17031670100,13.9,12.5,15.5,%,1349,934
2022,17031681300,13.9,12.4,15.5,%,2182,1592
2022,17031801603,8.3,7.4,9.3,%,4138,3221
2022,17031680600,11.4,10.1,12.6,%,1165,817
2022,17031815300,8.8,7.9,9.9,%,3756,2934
2022,17031814400,9.5,8.4,10.7,%,7781,5722
2022,17031802404,8.8,7.9,9.9,%,7558,5882
2022,17031813801,9.4,8.4,10.5,%,2856,2018
2022,17031690400,12.4,11.0,13.8,%,3363,2544
2022,17031813301,10.1,9.0,11.2,%,3634,2473
2022,17031806002,8.2,7.3,9.2,%,7833,6292
2022,17031802609,8.8,7.9,9.9,%,6290,4906
2022,17031804405,9.4,8.3,10.5,%,3570,2481
2022,17031816500,9.5,8.5,10.7,%,4262,3141
2022,17031815900,9.4,8.4,10.6,%,4773,4318
2022,17031821600,10.2,9.1,11.4,%,4542,3510
2022,17031650100,8.6,7.7,9.7,%,4765,3534
2022,17031816402,10.3,9.1,11.4,%,4460,3223
2022,17031802002,8.3,7.4,9.3,%,5130,3887
2022,17031802702,8.0,7.1,8.9,%,4710,3864
2022,17031804709,8.4,7.5,9.4,%,6814,5529
2022,17031817101,11.8,10.6,13.3,%,4563,3567
2022,17031822601,9.3,8.3,10.4,%,4793,3717
2022,17031804305,9.1,8.1,10.2,%,6952,5494
2022,17031815000,9.4,8.4,10.5,%,4254,3137
2022,17031819600,8.9,8.0,10.0,%,4083,2828
2022,17031812301,8.5,7.6,9.5,%,4978,4393
2022,17031804309,9.1,8.1,10.2,%,3038,2306
2022,17031804611,8.6,7.7,9.7,%,4653,3664
2022,17031820202,9.4,8.4,10.5,%,3128,2511
2022,17031819500,9.4,8.4,10.5,%,3664,2969
2022,17031804203,7.3,6.5,8.2,%,3458,2626
2022,17031823001,9.9,8.8,11.0,%,6624,5143
2022,17031804000,8.9,7.9,10.0,%,4763,3942
2022,17031818000,10.2,9.1,11.5,%,4428,3514
2022,17031770202,9.5,8.4,10.7,%,5060,4323
2022,17031822500,9.6,8.6,10.8,%,4496,3484
2022,17031612000,11.5,10.2,12.8,%,1448,1041
2022,17031818100,8.6,7.6,9.6,%,2330,1899
2022,17031611600,11.0,9.8,12.3,%,1921,1275
2022,17031804805,8.8,7.8,9.9,%,6860,5342
2022,17031691000,11.1,9.9,12.4,%,2668,2243
2022,17031804714,8.6,7.7,9.7,%,3534,2824
2022,17031803008,8.3,7.3,9.3,%,4767,3695
2022,17031803100,8.5,7.5,9.5,%,3616,2601
2022,17031640500,9.3,8.3,10.4,%,3896,3094
2022,17031630900,9.1,8.1,10.2,%,5204,3752
2022,17031691400,12.9,11.5,14.3,%,3411,2673
2022,17031808400,7.9,7.0,8.8,%,4622,3634
2022,17031804403,9.2,8.1,10.2,%,7297,5715
2022,17031805801,8.9,7.9,10.0,%,2580,2029
2022,17031804902,8.5,7.6,9.5,%,5626,4461
2022,17031805106,8.6,7.6,9.6,%,2778,2340
2022,17031820300,10.2,9.1,11.4,%,5588,4093
2022,17031800600,8.1,7.2,9.0,%,2429,1672
2022,17031612200,10.9,9.7,12.2,%,3939,2689
2022,17031680500,12.4,11.1,13.8,%,1307,942
2022,17031804106,8.0,7.1,8.9,%,7264,5542
2022,17031808100,8.4,7.5,9.4,%,4010,3648
2022,17031802503,8.1,7.2,9.1,%,6412,5235
2022,17031802801,8.4,7.5,9.4,%,5041,3876
2022,17031770602,9.1,8.1,10.2,%,4762,3688
2022,17031620400,9.8,8.7,10.9,%,5027,3695
2022,17031804809,8.5,7.5,9.5,%,4259,3326
2022,17031817102,11.5,10.2,12.8,%,3158,2553
2022,17031809100,8.9,8.0,10.0,%,3437,2632
2022,17031814700,9.0,8.0,10.1,%,5548,4257
2022,17031808702,9.9,8.8,11.1,%,5481,5310
2022,17031804608,7.9,7.0,8.8,%,4027,3163
2022,17031802100,9.1,8.1,10.2,%,3734,2610
2022,17031810200,9.6,8.6,10.7,%,6222,4876
2022,17031821200,10.8,9.7,12.1,%,5641,4347
2022,17031670700,13.5,12.1,15.1,%,1252,943
2022,17031810701,9.6,8.5,10.7,%,4865,3853
2022,17031810501,9.1,8.1,10.2,%,5293,4315
2022,17031822801,9.0,8.1,10.1,%,3258,2605
2022,17031740300,8.6,7.6,9.6,%,4869,3590
2022,17031671200,13.9,12.3,15.5,%,980,697
2022,17031804316,7.9,7.1,8.9,%,5027,4026
2022,17031812801,9.1,8.0,10.1,%,3387,2996
2022,17031801200,8.0,7.1,9.0,%,3651,2701
2022,17031822000,9.8,8.7,10.9,%,4343,3498
2022,17031730202,10.6,9.4,11.8,%,2893,2374
2022,17031804509,9.3,8.3,10.4,%,6012,4444
2022,17031805402,8.5,7.5,9.5,%,5467,4469
2022,17031816200,8.9,8.0,10.0,%,4163,3320
2022,17031822301,9.7,8.6,10.8,%,4088,3115
2022,17031805301,7.9,7.0,8.8,%,3588,2880
2022,17031823102,10.1,9.0,11.3,%,3642,2799
2022,17031805111,8.6,7.7,9.6,%,7786,6048
2022,17031823304,10.0,8.9,11.1,%,5872,4665
2022,17031802506,9.2,8.2,10.3,%,2285,1809
2022,17031802200,8.0,7.1,8.9,%,4848,3727
2022,17031803701,8.8,7.8,9.8,%,2707,2349
2022,17031818500,8.9,8.0,10.0,%,5650,4951
2022,17031823603,10.9,9.7,12.2,%,2021,1476
2022,17031700302,9.8,8.7,10.9,%,5662,4246
2022,17031750200,10.6,9.5,11.9,%,3024,2488
2022,17031720500,9.0,8.1,10.1,%,2086,1584
2022,17031809000,8.2,7.3,9.2,%,4001,3055
2022,17031801702,8.2,7.3,9.2,%,4756,3405
2022,17031817000,11.0,9.8,12.3,%,5510,4267
2022,17031811900,8.7,7.8,9.7,%,6051,4669
2022,17031760801,8.0,7.1,9.0,%,4403,3618
2022,17031806201,8.7,7.7,9.7,%,4908,4170
2022,17031810900,9.2,8.2,10.3,%,6360,5077
2022,17031660600,10.9,9.7,12.2,%,6404,4541
2022,17031660301,10.8,9.6,12.1,%,1850,1317
2022,17031810400,8.9,7.9,10.0,%,5409,4161
2022,17031820605,11.2,10.0,12.5,%,4523,3365
2022,17031810000,8.5,7.6,9.6,%,5640,4722
2022,17031770400,8.9,7.9,10.0,%,4375,3591
2022,17031819100,9.4,8.4,10.6,%,4600,3640
2022,17031819801,8.4,7.5,9.5,%,5364,3670
2022,17031808500,7.9,7.0,8.9,%,4239,3307
2022,17031804606,8.5,7.5,9.5,%,7088,5568
2022,17031802605,7.9,7.0,8.9,%,7125,5987
2022,17031822302,9.4,8.4,10.5,%,4447,3467
2022,17031806502,8.8,7.8,9.9,%,4202,3365
2022,17031801000,7.9,7.0,8.8,%,5337,3925
2022,17031801605,7.8,7.0,8.8,%,5883,4581
2022,17031822101,10.1,9.0,11.3,%,4606,3527
2022,17031814300,9.9,8.8,11.1,%,4690,3443
2022,17031804313,8.5,7.6,9.5,%,6354,4943
2022,17031804505,9.3,8.3,10.5,%,3970,3159
2022,17031802802,9.2,8.2,10.3,%,6991,5251
2022,17031770500,9.7,8.6,10.9,%,4632,3020
2022,17031800200,8.2,7.3,9.2,%,6466,4628
2022,17031802300,8.0,7.0,9.0,%,5968,4712
2022,17031813702,9.0,8.0,10.0,%,4199,3044
2022,17031810502,9.5,8.5,10.6,%,5355,4392
2022,17031820604,10.7,9.5,11.9,%,3689,2797
2022,17031820104,8.8,7.9,9.9,%,4453,3591
2022,17031816800,9.7,8.7,10.9,%,5765,4712
2022,17031821401,12.1,10.8,13.5,%,2870,2282
2022,17031807500,7.7,6.8,8.6,%,3327,2607
2022,17031819000,8.5,7.6,9.5,%,4768,3423
2022,17031690500,12.2,10.9,13.6,%,992,714
2022,17031812600,9.6,8.5,10.7,%,3898,3165
2022,17031680900,13.4,11.9,14.9,%,3573,2696
2022,17031804406,9.1,8.1,10.2,%,6292,4729
2022,17031807100,8.5,7.6,9.6,%,3984,2900
2022,17031804312,6.9,6.1,7.8,%,2238,1720
2022,17031805600,8.6,7.6,9.6,%,4710,3420
2022,17031821001,10.0,8.9,11.2,%,5205,3965
2022,17031805802,8.4,7.4,9.4,%,5096,3850
2022,17031801800,7.8,6.9,8.7,%,5972,4627
2022,17031681200,14.2,12.7,15.8,%,2353,1635
2022,17031801500,8.1,7.2,9.1,%,6572,5284
2022,17031803016,7.0,6.2,7.8,%,2490,1763
2022,17031821700,9.5,8.5,10.7,%,4859,3683
2022,17031815800,8.9,7.9,10.0,%,1630,1250
2022,17031820902,9.5,8.4,10.6,%,5051,3782
2022,17031823200,9.6,8.5,10.7,%,4775,3835
2022,17031815200,9.2,8.1,10.3,%,6901,5237
2022,17031804513,8.5,7.6,9.6,%,4065,3226
2022,17031811600,9.7,8.7,10.9,%,6053,4891
2022,17031823604,8.6,7.6,9.7,%,3509,2866
2022,17031611500,10.0,8.9,11.2,%,3587,2651
2022,17031611900,12.4,11.0,13.8,%,1984,1336
2022,17031770201,9.0,8.0,10.1,%,5894,4925
2022,17031809200,11.0,9.8,12.3,%,4980,3583
2022,17031809500,8.3,7.3,9.3,%,4346,3831
2022,17031813200,9.1,8.1,10.2,%,4582,3293
2022,17031804710,8.6,7.7,9.7,%,4292,3380
2022,17031803013,8.6,7.6,9.6,%,5490,4495
2022,17031813400,9.8,8.7,11.0,%,7571,5424
2022,17031650302,9.3,8.2,10.4,%,4522,3268
2022,17031810702,9.0,8.0,10.1,%,3914,3207
2022,17031806600,8.7,7.7,9.7,%,3602,2886
2022,17031691300,11.8,10.5,13.2,%,2374,1967
2022,17031800500,9.0,8.0,10.0,%,5133,3483
2022,17031806900,8.0,7.1,9.0,%,5342,4547
2022,17031730300,11.8,10.5,13.2,%,1046,840
2022,17031671100,12.9,11.5,14.4,%,994,756
2022,17031690900,12.2,11.0,13.6,%,4250,3228
2022,17031804715,8.5,7.6,9.6,%,3426,2513
2022,17031811800,9.1,8.2,10.3,%,5644,4451
2022,17031806004,8.4,7.5,9.4,%,7554,6276
2022,17031804510,8.9,8.0,10.0,%,5872,4103
2022,17031804711,8.4,7.5,9.4,%,7629,5869
2022,17031805112,8.1,7.2,9.0,%,3482,2855
2022,17031813900,9.4,8.3,10.5,%,6768,5028
2022,17031805302,8.0,7.1,8.9,%,3873,3092
2022,17031770901,9.2,8.2,10.3,%,5245,4301
2022,17031805901,8.9,7.9,10.0,%,4341,3585
2022,17031661100,10.2,9.1,11.4,%,6633,4847
2022,17031804810,8.5,7.5,9.5,%,7097,5587
2022,17031670600,12.0,10.7,13.4,%,1339,968
2022,17031730700,12.1,10.8,13.4,%,2281,1750
2022,17031620300,9.2,8.2,10.3,%,6410,4793
2022,17031812000,8.2,7.3,9.2,%,5666,4145
2022,17031670400,12.1,10.8,13.5,%,1585,1158
2022,17031811100,9.9,8.8,11.1,%,6703,5489
2022,17031803608,8.7,7.7,9.7,%,7544,5840
2022,17031640800,9.1,8.1,10.2,%,1799,1323
2022,17031804806,8.7,7.7,9.7,%,3796,2801
2022,17031807800,7.8,6.9,8.7,%,2878,2182
2022,17031612100,12.6,11.2,14.1,%,1168,889
2022,17031804701,8.5,7.6,9.6,%,7045,5598
2022,17031630800,8.9,7.9,9.9,%,6641,4770
2022,17031640400,9.1,8.1,10.2,%,3390,2599
2022,17031819900,8.4,7.4,9.4,%,3514,2463
2022,17031711400,11.6,10.4,13.0,%,2394,1859
2022,17031803012,8.4,7.5,9.5,%,2234,1827
2022,17031820700,9.0,8.1,10.1,%,7110,5397
2022,17031640600,9.3,8.3,10.4,%,4063,3208
2022,17031672000,12.2,11.0,13.6,%,3397,2509
2022,17031818600,8.5,7.6,9.5,%,5093,3933
2022,17031802701,8.8,7.9,9.8,%,6682,5120
2022,17031711000,11.9,10.5,13.3,%,3058,2398
2022,17031730600,10.5,9.4,11.7,%,3254,2594
2022,17031804607,8.4,7.5,9.4,%,7123,5564
2022,17031811000,9.0,8.0,10.1,%,4258,3513
2022,17031814800,9.4,8.4,10.5,%,6445,5016
2022,17031805001,8.7,7.7,9.7,%,4985,3819
2022,17031815500,9.0,8.0,10.0,%,8310,6247
2022,17031660500,9.3,8.2,10.4,%,5013,3684
2022,17031710200,13.3,11.9,14.8,%,4635,3442
2022,17031802004,8.4,7.5,9.4,%,5871,4575
2022,17031805107,8.8,7.9,9.9,%,6793,5420
2022,17031650500,9.3,8.3,10.4,%,4401,3313
2022,17031710600,13.5,12.1,15.0,%,1706,1310
2022,17031801608,7.4,6.6,8.3,%,7057,5761
2022,17031805501,8.6,7.6,9.6,%,3998,3188
2022,17031822602,10.5,9.4,11.8,%,7296,5708
2022,17031822802,9.1,8.2,10.2,%,3669,2833
2022,17031811302,9.9,8.8,11.1,%,3565,2645
2022,17031803604,9.3,8.3,10.5,%,4209,3424
2022,17031700502,10.7,9.5,12.0,%,2978,2489
2022,17031816300,9.7,8.6,10.9,%,4778,3661
2022,17031691500,13.6,12.2,15.2,%,1806,1337
2022,17031803615,8.4,7.5,9.4,%,2752,2169
2022,17031671800,12.3,11.0,13.7,%,1142,892
2022,17031691200,12.7,11.4,14.2,%,2277,1694
2022,17031804102,8.1,7.2,9.1,%,7307,5680
2022,17031817400,10.0,8.9,11.2,%,3652,2696
2022,17031720400,9.4,8.4,10.5,%,1961,1431
2022,17031812802,9.4,8.3,10.5,%,2521,2126
2022,17031818401,9.7,8.6,10.8,%,3613,2893
2022,17031807200,8.1,7.3,9.1,%,6059,4720
2022,17031750100,11.2,10.0,12.5,%,3736,2898
2022,17031834000,13.0,11.6,14.5,%,3609,2577
2022,17031830700,9.8,8.8,11.0,%,4006,3450
2022,17031832300,8.4,7.5,9.5,%,2054,1734
2022,17031823705,9.4,8.4,10.4,%,4666,3640
2022,17031831500,9.4,8.4,10.5,%,4421,3424
2022,17031827700,12.2,10.9,13.7,%,2452,1728
2022,17031824005,9.2,8.2,10.3,%,5933,4542
2022,17031824114,8.8,7.9,9.9,%,5299,4164
2022,17031826304,12.2,10.9,13.6,%,2874,2182
2022,17031827902,11.4,10.2,12.8,%,4558,3402
2022,17031842800,9.7,8.7,10.9,%,7637,5309
2022,17031836900,13.6,12.2,15.1,%,1439,1000
2022,17031838200,7.4,6.6,8.3,%,1675,1510
2022,17031828202,10.8,9.6,12.0,%,4590,3591
2022,17031841900,9.0,8.0,10.0,%,6500,6010
2022,17031834600,12.8,11.4,14.3,%,2357,1812
2022,17031825504,11.0,9.8,12.3,%,3591,2592
2022,17031835600,13.2,11.8,14.6,%,898,698
2022,17031842200,8.5,7.6,9.6,%,4212,3733
2022,17031843100,13.1,11.7,14.5,%,1747,1262
2022,17031826301,11.5,10.3,12.8,%,3923,2951
2022,17031826402,12.4,11.1,13.8,%,4728,3633
2022,17031826800,11.1,9.9,12.4,%,4596,3367
2022,17031827500,10.5,9.4,11.8,%,4465,3252
2022,17031836600,9.1,8.0,10.1,%,2929,2300
2022,17031824508,9.1,8.1,10.2,%,3699,3144
2022,17031827100,11.8,10.5,13.2,%,2265,1684
2022,17031840800,9.8,8.7,11.1,%,3332,2380
2022,17031827802,11.3,10.1,12.6,%,3314,2598
2022,17031839800,8.5,7.5,9.5,%,2686,2256
2022,17031824125,9.0,8.0,10.1,%,4098,3165
2022,17031824800,10.0,8.9,11.1,%,7178,5294
2022,17031824300,11.5,10.3,12.8,%,4499,3530
2022,17031824602,9.4,8.3,10.5,%,6245,4943
2022,17031837800,11.0,9.8,12.3,%,2837,2171
2022,17031844700,11.7,10.5,13.1,%,2342,1671
2022,17031843300,12.3,11.0,13.7,%,1572,1188
2022,17031825303,9.3,8.3,10.5,%,3785,2997
2022,17031833900,12.7,11.3,14.1,%,2333,1598
2022,17031825700,11.1,9.9,12.4,%,4046,3175
2022,17031831900,9.0,8.0,10.0,%,3040,2634
2022,17031831100,8.9,7.9,10.0,%,6697,5450
2022,17031826303,11.8,10.5,13.1,%,4068,3135
2022,17031830300,11.5,10.3,12.8,%,5369,4171
2022,17031827600,12.9,11.5,14.3,%,3012,2176
2022,17031840200,8.2,7.2,9.1,%,2497,1998
2022,17031843200,8.9,7.9,9.9,%,2422,1933
2022,17031842300,8.5,7.5,9.5,%,3529,3122
2022,17031835000,11.4,10.2,12.7,%,6398,4514
2022,17031830100,11.3,10.1,12.6,%,3297,2533
2022,17031829800,9.6,8.6,10.7,%,6891,5374
2022,17031828201,9.9,8.9,11.1,%,4491,3459
2022,17031831600,8.9,7.9,10.0,%,7745,6106
2022,17031829200,10.9,9.7,12.2,%,5547,4121
2022,17031836200,9.2,8.2,10.3,%,2178,2097
2022,17031828602,10.2,9.1,11.4,%,4666,3564
2022,17031843800,10.8,9.6,12.0,%,2000,1475
2022,17031828801,9.5,8.4,10.6,%,5122,3888
2022,17031832900,8.5,7.6,9.5,%,1995,1787
2022,17031837000,12.7,11.3,14.2,%,2042,1496
2022,17031829904,9.3,8.3,10.4,%,4168,3680
2022,17031838300,9.3,8.2,10.3,%,2580,2230
2022,17031823605,9.1,8.1,10.2,%,4177,3372
2022,17031827805,10.8,9.7,12.1,%,2953,2338
2022,17031823806,9.6,8.6,10.8,%,3847,3096
2022,17031827300,10.9,9.7,12.2,%,2277,1665
2022,17031826201,11.1,9.9,12.4,%,3844,3415
2022,17031824105,8.8,7.8,9.8,%,7297,5795
2022,17031826600,13.2,11.8,14.7,%,4595,3531
2022,17031824121,9.8,8.7,11.0,%,3138,2512
2022,17031829301,10.0,9.0,11.2,%,3931,3050
2022,17031828900,10.5,9.3,11.8,%,3399,2448
2022,17031829500,10.6,9.5,11.9,%,4001,3001
2022,17031843500,9.7,8.6,10.9,%,6030,5740
2022,17031832000,8.4,7.5,9.4,%,2062,1907
2022,17031828402,10.9,9.7,12.1,%,3688,2974
2022,17031828507,10.6,9.5,11.8,%,3999,3158
2022,17031828701,11.2,10.0,12.5,%,3780,2882
2022,17031825801,13.0,11.6,14.6,%,3569,2705
2022,17031831200,9.6,8.6,10.7,%,4832,3535
2022,17031824004,8.7,7.8,9.8,%,5374,4488
2022,17031843400,10.9,9.7,12.1,%,1524,1174
2022,17031825304,9.7,8.6,10.8,%,3923,3239
2022,17031827000,11.9,10.7,13.3,%,2968,2290
2022,17031824400,9.9,8.8,11.1,%,2007,1621
2022,17031830400,11.1,9.9,12.4,%,4091,3086
2022,17031824701,9.7,8.7,10.9,%,3782,2912
2022,17031825802,11.4,10.2,12.7,%,5862,4525
2022,17031838000,11.4,10.2,12.7,%,2651,2172
2022,17031824507,9.6,8.6,10.8,%,4136,3324
2022,17031824702,9.8,8.7,11.0,%,5453,4130
2022,17031834700,12.2,10.9,13.6,%,1759,1325
2022,17031836700,11.9,10.6,13.3,%,2481,1819
2022,17031835800,12.0,10.6,13.3,%,1698,1298
2022,17031825503,11.1,9.9,12.4,%,6540,4986
2022,17031830007,11.0,9.8,12.3,%,4638,3494
2022,17031841000,9.5,8.4,10.6,%,1136,993
2022,17031828300,10.0,8.9,11.2,%,3363,2701
2022,17031827804,11.0,9.8,12.3,%,3149,2523
2022,17031842000,9.9,8.8,11.1,%,2590,2456
2022,17031842900,12.6,11.2,14.1,%,2480,1946
2022,17031833000,8.3,7.3,9.3,%,5637,5033
2022,17031827200,11.4,10.1,12.7,%,3693,2844
2022,17031838800,11.9,10.6,13.3,%,3102,2302
2022,17031839900,8.3,7.3,9.3,%,4431,3602
2022,17031826500,12.5,11.1,13.9,%,5614,4308
2022,17031826100,11.4,10.2,12.7,%,5931,4372
2022,17031826000,11.9,10.6,13.3,%,2660,1904
2022,17031823805,9.2,8.2,10.3,%,3189,2599
2022,17031829402,12.1,10.8,13.6,%,3088,2436
2022,17031823704,9.3,8.3,10.4,%,4191,3265
2022,17031824113,8.9,7.9,10.0,%,6322,5027
2022,17031824119,9.5,8.4,10.6,%,5456,4426
2022,17031828505,10.4,9.3,11.6,%,6682,5297
2022,17031829902,10.8,9.7,12.1,%,6457,5160
2022,17031830003,10.2,9.0,11.4,%,7640,5968
2022,17031838600,12.6,11.3,14.1,%,1518,1064
2022,17031828100,10.6,9.5,11.8,%,5083,3872
2022,17031834300,11.2,9.9,12.4,%,6240,5194
2022,17031837100,11.2,10.0,12.5,%,1652,1327
2022,17031836300,10.1,9.0,11.3,%,1492,1275
2022,17031835100,9.8,8.7,11.0,%,5585,4065
2022,17031843600,11.0,9.8,12.3,%,3089,2373
2022,17031828508,11.4,10.2,12.7,%,4630,3618
2022,17031829302,11.2,10.0,12.5,%,3633,2648
2022,17031824003,9.2,8.2,10.3,%,6242,4928
2022,17031829000,13.8,12.4,15.5,%,882,595
2022,17031840000,8.2,7.3,9.2,%,3001,2428
2022,17031828702,11.4,10.2,12.7,%,4742,3726
2022,17031824116,9.5,8.5,10.6,%,5244,4127
2022,17031830500,9.2,8.2,10.4,%,4410,3271
2022,17031842400,10.7,9.5,12.0,%,3041,2498
2022,17031828503,11.7,10.4,13.1,%,4322,3118
2022,17031841500,14.4,12.9,16.1,%,2904,1907
2022,17031841100,6.9,6.2,7.8,%,7356,6263
2022,17031832400,8.1,7.2,9.1,%,3601,3023
2022,17031826902,12.8,11.4,14.3,%,1255,958
2022,17031829903,11.3,10.1,12.7,%,4529,3266
2022,17031829600,10.6,9.5,11.9,%,3035,2349
2022,17031839000,8.6,7.7,9.6,%,10435,9740
2022,17031831300,11.8,10.6,13.2,%,1251,925
2022,17031823803,9.8,8.8,11.0,%,7146,5624
2022,17031832100,9.1,8.0,10.2,%,3410,3057
2022,17031839500,10.0,8.9,11.2,%,1590,1409
2022,17031824505,9.3,8.3,10.5,%,6783,5256
2022,17031836800,14.5,12.9,16.1,%,2645,1983
2022,17031827400,11.6,10.4,13.0,%,3230,2587
2022,17031824122,9.1,8.1,10.2,%,6209,5048
2022,17031826202,11.6,10.4,13.0,%,5710,4256
2022,17031826700,12.7,11.3,14.1,%,4573,3404
2022,17031825000,9.4,8.4,10.5,%,4766,3811
2022,17031824127,9.3,8.2,10.3,%,3706,3024
2022,17031836000,11.7,10.4,13.0,%,2338,1766
2022,17031824106,9.4,8.4,10.5,%,7021,5540
2022,17031825501,11.5,10.3,12.8,%,5766,4277
2022,17031827901,10.1,9.0,11.3,%,2421,2074
2022,17031823702,9.8,8.7,11.0,%,7050,5557
2022,17031823901,8.8,7.8,9.8,%,3515,2958
2022,17031834800,12.4,11.0,13.7,%,1753,1275
2022,17031840300,8.3,7.4,9.3,%,4196,3267
2022,17031825200,9.2,8.2,10.3,%,2016,1549
2022,17031825505,11.7,10.4,13.1,%,5364,4104
2022,17031833100,8.5,7.6,9.5,%,9493,8039
2022,17031824128,8.9,7.9,9.9,%,4638,3822
2022,17031830008,10.7,9.5,12.0,%,4342,3377
2022,17031824509,9.2,8.2,10.3,%,4154,3177
2022,17031826901,12.3,11.0,13.7,%,1462,1059
2022,17031840400,7.9,7.0,8.8,%,3369,2662
2022,17031839600,11.6,10.3,12.9,%,1729,1426
2022,17031830201,11.3,10.1,12.6,%,5105,4071
2022,17031841300,8.5,7.6,9.6,%,4173,3388
2022,17031830900,8.4,7.5,9.4,%,3076,2586
2022,17031831700,9.1,8.1,10.3,%,2237,1783
2022,17031828000,10.2,9.0,11.4,%,5411,4106
2022,17031838700,13.9,12.4,15.5,%,4132,2874
2022,17031839200,10.5,9.4,11.7,%,2749,2466
2022,17031837300,13.1,11.8,14.7,%,2489,1835
2022,17031844600,11.8,10.5,13.2,%,1776,1357
2022,17031836400,12.0,10.8,13.5,%,3621,2781
2022,17031835200,8.7,7.7,9.7,%,2038,1587
2022,17031834400,11.3,10.1,12.6,%,3765,2903
2022,17031830800,8.8,7.8,9.9,%,2405,2168
2022,17031834200,11.2,10.0,12.5,%,4693,3778
2022,17031828504,12.7,11.4,14.1,%,5474,3872
2022,17031843000,13.7,12.2,15.3,%,2880,2004
2022,17031829401,11.4,10.2,12.8,%,1049,798
2022,17031832500,9.0,8.0,10.1,%,3334,2615
2022,17031828401,10.0,8.9,11.2,%,3598,2778
2022,17031842100,10.9,9.8,12.3,%,6650,4911
2022,17031830004,11.0,9.8,12.3,%,7529,5914
2022,17031833300,8.3,7.4,9.3,%,2912,2589
2022,17031823903,8.9,7.9,10.0,%,4657,3743
2022,17031824107,9.2,8.2,10.3,%,6747,5461
2022,17031824123,9.1,8.1,10.2,%,7753,6024
2022,17031823703,10.1,9.0,11.3,%,8659,6397
2022,17031838100,10.7,9.5,12.0,%,1821,1639
2022,17031825302,9.3,8.3,10.5,%,5938,4729
2022,17031832200,8.6,7.6,9.6,%,3289,2819
2022,17031824601,9.6,8.5,10.7,%,4392,3436
2022,17031840100,7.0,6.2,7.9,%,3029,2396
2022,17031824115,9.7,8.6,10.8,%,3843,3109
2022,17031824126,8.7,7.7,9.7,%,5951,4561
2022,17031826401,11.9,10.7,13.3,%,3725,2809
2022,17031824129,9.1,8.1,10.1,%,4357,3632
2022,17031839100,7.8,6.9,8.7,%,8234,7919
2022,17031841200,9.6,8.5,10.8,%,4873,3839
2022,17031827801,11.0,9.8,12.3,%,4645,3568
2022,17031831400,12.3,11.0,13.7,%,2820,2255
2022,17031825600,11.3,10.0,12.6,%,5138,3734
2022,17031823801,8.8,7.9,9.9,%,5873,4887
2022,17031843900,12.1,10.8,13.5,%,3666,2995
2022,17031830600,9.4,8.4,10.5,%,4935,3970
2022,17031824900,11.1,9.8,12.4,%,3244,2394
2022,17031825400,9.5,8.5,10.6,%,5337,4463
2022,17031830005,10.4,9.2,11.6,%,3768,3236
2022,17031841700,10.7,9.6,11.9,%,1509,1191
2022,17031835500,12.6,11.2,14.0,%,1584,1258
2022,17031836500,12.3,11.0,13.8,%,1527,1130
2022,17031842500,14.3,12.7,16.0,%,2644,1393
2022,17031834500,14.2,12.8,15.9,%,1765,1216
2022,17031830001,9.9,8.8,11.1,%,2432,2034
2022,17031825900,11.7,10.4,13.0,%,3296,2429
2022,17031824503,9.6,8.5,10.7,%,6880,5710
2022,17031832600,9.0,8.0,10.1,%,4147,3442
2022,17031825803,11.7,10.5,13.1,%,5908,4752
2022,17031824124,9.7,8.6,10.8,%,3679,2913
2022,17031837400,12.1,10.7,13.5,%,1990,1537
2022,17031831800,8.6,7.6,9.6,%,5868,4639
2022,17031839700,8.0,7.1,8.9,%,4545,3732
2022,17031828802,10.0,8.9,11.2,%,2982,2279
2022,17031840700,8.8,7.9,9.9,%,3900,2885
2022,17031831000,8.1,7.2,9.1,%,2633,2204
2022,17031830202,11.3,10.1,12.6,%,3377,2604
2022,17031841800,13.1,11.7,14.5,%,2404,1779
2022,17031842600,9.4,8.3,10.5,%,4245,3330
2022,17031824006,8.6,7.7,9.6,%,5096,3856
2022,17031823904,9.0,8.0,10.1,%,4043,3303
2022,17031836100,13.6,12.2,15.2,%,1893,1399
2022,17031834900,13.5,12.1,15.0,%,1952,1451
2022,17031828601,9.8,8.8,11.0,%,4198,3227
2022,17031843700,8.4,7.5,9.5,%,2544,1891
2022,17031829700,10.8,9.6,12.1,%,3344,2524
2022,17031829100,10.2,9.1,11.5,%,3512,2462
