tract,total_pixels,frac_veg,mean_patch_size,edge_density
17031010100,1056066,0.17736296784481273,58.16987577639752,0.11615495144593443
17031010201,1518544,0.22734408749433668,31.608862845632668,0.20611035736421218
17031010202,977180,0.18674246300579217,63.4937369519833,0.12382260596546311
17031010300,1314286,0.19089756719618103,56.90496711272397,0.126691708443561
17031010400,3591474,0.09417943718929887,38.258454925913355,0.06308204211711474
17031010501,562977,0.1495283111032955,48.37988505747126,0.10080667267601899
17031010502,518499,0.1661758267614788,27.120553981743782,0.17028148682785998
17031010503,735176,0.13892727727782192,48.52066508313539,0.13941289512902974
17031010600,1483476,0.22168744219657074,42.31990734783168,0.15428768203602003
17031010701,1196869,0.36206552262611863,72.58710217755444,0.20196330275229357
17031010702,994617,0.12396530523809668,45.29684055841293,0.1088273338909563
17031020100,1738301,0.09282166897447565,14.070986308537542,0.12657766346714747
17031020200,3507107,0.1578295158944395,13.53229513006063,0.21649317461300505
17031020301,2363453,0.16372147023867198,21.059540655273757,0.15144490996686252
17031020302,1832137,0.14370322743331967,13.528106052820881,0.19604715863214442
17031020400,2245928,0.18887827214407585,24.846658466584667,0.21565098407410527
17031020500,3464617,0.35545256517531376,36.545403288028965,0.36558934220665973
17031020601,1906049,0.09395561184418659,12.795370105744498,0.12477758636473339
17031020602,1711492,0.0715627066910041,6.799478154666074,0.13410093727469358
17031020701,1644391,0.1392764859452527,12.727146429563767,0.19600344611999973
17031020702,1985165,0.06511297549573965,8.91386800910282,0.09564114499803061
17031020801,2027077,0.07021094906606902,6.890486564996369,0.1287203214217107
17031020802,1994432,0.05409760773994802,5.310789525497145,0.1117519475829335
17031020901,2204527,0.083573936722027,7.358749051403922,0.14423643865333194
17031020902,1466210,0.16867501926736278,17.33461835003855,0.1786923769048166
17031030101,663607,0.050008514075348814,39.41330166270784,0.043224521431246214
17031030102,558433,0.029862132073140375,33.5533199195171,0.025743322377120403
17031030103,523728,0.05155156875324596,49.539449541284405,0.03701782752655701
17031030104,611752,0.034340713230197856,19.028985507246375,0.03185355534854836
17031030200,1949824,0.22816674735771023,33.00823564327052,0.20170921379791792
17031030300,916103,0.21990867839096695,28.563589961718417,0.22754749414553246
17031030400,963989,0.16617305799132562,51.048119821542386,0.12834996157240045
17031030500,1718564,0.20662425140989804,56.7610294117647,0.1575472634813294
17031030601,691168,0.04354512940413908,33.51559020044544,0.04190281431855439
17031030603,323158,0.07009574263982324,26.966666666666665,0.0855367799184396
17031030604,801578,0.11617334807093009,43.312558139534886,0.09570212259742025
17031030701,194869,0.07958166768444443,35.085972850678736,0.08080717844877217
17031030702,62059,0.03785107720072834,19.73949579831933,0.05573983470160599
17031030703,552113,0.10323792412060574,38.564952638700944,0.083703130374957
17031030706,1580470,0.2274816984820971,67.95085995085995,0.1156640085392236
17031030800,1577612,0.23139910193380883,67.45343680709534,0.16553694100802038
17031030900,1136743,0.1574190472252743,50.69263456090651,0.13348961731498388
17031031000,1181740,0.15986765278318413,52.860100727476215,0.12621247337950797
17031031100,1529154,0.21178115480847579,30.760448328267476,0.20325319904214956
17031031200,908262,0.0745864078867111,33.61985111662531,0.0782997260039387
17031031300,3055064,0.16853787678425067,40.80630844824854,0.09727631928120925
17031031400,7027133,0.17993924407009232,28.836621131610755,0.14324150363713
17031031501,443795,0.12994287903198548,42.46539027982327,0.12161725735167252
17031031502,450149,0.08774872320054027,37.98076923076923,0.08883818914501
17031031700,1327766,0.18659387271552366,57.39008570766736,0.13906820533054562
17031031800,654422,0.13401138714774258,49.24199887703537,0.11618385036496351
17031031900,717040,0.1856409684257503,63.84268585131895,0.1344393622514173
17031032100,1198742,0.13053934875060688,46.44790739091719,0.12083441306037834
17031040100,7147141,0.3299404615076154,17.701294119413294,0.4094436499191147
17031040201,2268621,0.05446700881284269,5.719542677281985,0.10829596845958402
17031040202,1846162,0.05435655159189714,5.742546494992847,0.10167368464085687
17031040300,2133916,0.1847621930760161,14.380908958272542,0.19143347669986735
17031040401,1762414,0.0947802275742249,10.879379966132603,0.1328996726842453
17031040402,1741510,0.2529684009853518,37.71806506849315,0.21785941097086609
17031040600,1300800,0.10142681426814268,17.378292939936774,0.1264097387423557
17031040700,1130639,0.0764585336256754,6.929063802500801,0.12380697869741163
17031040800,771249,0.08727012936159399,7.593298736462094,0.13416172798091616
17031040900,1254118,0.1772121921541673,17.538273358585858,0.2236282943833626
17031050100,930952,0.1822478495131865,70.05119735755574,0.1380215306600616
17031050200,2531336,0.11684817819522972,16.684453971119133,0.15145438478113027
17031050300,1383423,0.06487748143554069,7.016886873582988,0.11881665849844804
17031050500,2515994,0.10609603997465812,16.81598840871866,0.13645232924442346
17031050600,924537,0.16998670685975792,65.26536544850498,0.1337212356007303
17031050700,457497,0.20762977680727962,44.99763145428707,0.18743320537263922
17031050800,489986,0.15927597931369467,25.005767382249278,0.18151891994166372
17031050900,761053,0.05478067887519003,7.354207091197742,0.10461834090253748
17031051000,826944,0.052107518767897223,9.02219430485762,0.09708435561739015
17031051100,537277,0.15304954427604384,15.318554396423249,0.18601483379333852
17031051200,511000,0.18643052837573384,27.43836405529954,0.20452628054904587
17031051300,1101899,0.2065107600605863,45.675230830991566,0.197450173869846
17031051400,1258852,0.14138437242821236,16.46304689667931,0.13683099908413535
17031060100,905945,0.22949516802896422,83.29727564102564,0.11172717664380011
17031060200,885528,0.21178776955669387,68.24745269286754,0.16196817814448908
17031060300,889813,0.18876550466221553,57.34585182656197,0.1491555415396475
17031060400,904236,0.14862823422203938,45.18997982515131,0.13537772251757846
17031060500,635260,0.2826086956521739,49.92491657397108,0.23353713955217714
17031060800,689771,0.10747624936391934,25.147218453188604,0.0420989534265947
17031060900,2512284,0.12125977795504012,34.66533909877105,0.06254786348501665
17031061000,481108,0.08209591193661299,30.33563748079877,0.09469550273515032
17031061100,481724,0.1137248715031844,55.95914198161389,0.08599566601697275
17031061200,486244,0.13497544442707776,46.219014084507045,0.12832087753134042
17031061500,453556,0.15944227394191676,49.838731909028255,0.13691896422729719
17031061800,230873,0.10636150610941947,28.553488372093025,0.09276035084646088
17031061901,470714,0.10912996001818515,26.451596292481977,0.07292991687810521
17031061902,2423383,0.0640237222098199,22.47957113880035,0.048049275479780086
17031062000,667728,0.11155889823401145,23.35873314518658,0.1202558787792152
17031062100,724176,0.077938236008926,21.322629391764263,0.093244061259113
17031062200,719525,0.10205482783780967,19.734211233539373,0.12269906780054424
17031062300,501826,0.14413561672771041,28.409662215239592,0.15944964498683506
17031062400,502607,0.12674714040990276,26.367549668874172,0.14554441990827247
17031062500,498285,0.11249786768616354,28.35407182599899,0.12624154926207712
17031062600,1125029,0.11406461522325202,32.94634146341463,0.12332373019690934
17031062700,1112789,0.11824344058037957,35.44719827586207,0.12357684468831474
17031062800,1116566,0.15948273545853983,46.923056653491436,0.1553074565787683
17031062900,1119270,0.1834400993504695,47.42873642873643,0.18271748549836442
17031063000,1116642,0.086043691711399,30.109683484801003,0.09915277265505028
17031063100,604465,0.09419073064610854,40.52313167259786,0.10200054068667207
17031063200,2953048,0.08228278036794526,14.666807508903242,0.08955430831522301
17031063301,291637,0.08396396890655164,29.151190476190475,0.07671072080688636
17031063302,383722,0.07092374166714445,24.763421292083713,0.07539639650458543
17031063303,743181,0.21881748860640948,24.628350749659244,0.19852297774774874
17031063400,499596,0.06978438578371324,25.616458486407055,0.07950721806143493
17031070101,4154124,0.10514130054856331,9.959184604159066,0.09925906217023081
17031070102,348088,0.06812645078256073,42.88245931283906,0.032175032175032175
17031070103,192848,0.13334854393097154,49.54913294797688,0.0816312913511919
17031070200,949982,0.13106248328915707,46.164998146088244,0.09201533298964834
17031070300,902542,0.11416532416219966,37.674223034734915,0.11829674267965701
17031070400,902407,0.16195463909300348,46.96304627249357,0.14105812694976763
17031070500,849983,0.1485300294241179,51.698607698607695,0.12076496256449108
17031070600,954769,0.149831006243395,41.38096615562627,0.11685264609287307
17031070700,1907885,0.0805798043383118,27.91665153441075,0.06487208623586267
17031071000,903205,0.14667434303397345,35.736984084165094,0.14893798288632237
17031071100,905420,0.16601577168606835,37.05052994823762,0.15980942344561394
17031071200,904731,0.19472749358649147,39.18505338078292,0.16759568027228916
17031071300,861414,0.17940038123364607,43.03480924533556,0.15734191008101236
17031071400,4787187,0.08803499842391785,10.836161678494292,0.0956474976531997
17031071500,5631742,0.12994789178907698,15.180107861439536,0.1607425873911952
17031071600,451533,0.19289620027772056,42.84259714707329,0.17688322761507358
17031071700,445328,0.17279623109258793,32.745106382978726,0.17463967513704617
17031071800,899645,0.17239800143389894,36.31397799110279,0.17770461451170985
17031080100,1300455,0.1054000330653502,26.95535889872173,0.11663446239228116
17031080201,384892,0.11138449227315715,11.054925219185147,0.145588719669997
17031080202,445329,0.09731456967769896,10.703136576932575,0.1310538005104916
17031080300,1005555,0.10046193395686959,41.520756267981916,0.09580689551569031
17031080400,910411,0.10970649519832251,38.38508839354343,0.10543398630355152
17031081000,831488,0.09369106950431035,39.827709611451944,0.08781224600691206
17031081100,360745,0.03419035606869118,12.754912099276112,0.0439696358063705
17031081201,906974,0.013248450341465136,17.88095238095238,0.01876873093308605
17031081202,3008130,0.022463789796318644,17.56537561736418,0.014532919196973979
17031081300,765116,0.06683561708289985,13.553405777895573,0.08082225090249331
17031081401,1002302,0.024121472370602873,7.284423018981621,0.03651001708186459
17031081402,1641678,0.12025439824374816,20.93298695790478,0.06407882220991808
17031081403,5195389,0.0062980847054955845,8.298503677402993,0.004969134698413257
17031081500,1449132,0.012815257685290229,17.925675675675677,0.016698993557201423
17031081600,493901,0.00765740502651341,9.069544364508394,0.01194919021744149
17031081700,1033695,0.01740745577757462,21.19434628975265,0.02530177021143468
17031081800,2073914,0.030226422117792733,24.05487336914812,0.026038995150695184
17031081900,382469,0.10427773231294563,19.931534232883557,0.1319903011512414
17031090100,3850594,0.11961349339868083,6.951986355128902,0.17708535478576223
17031090200,6972619,0.15821429508768514,6.209643464261992,0.17999887960099523
17031090300,2237948,0.1588218314277186,17.357767251062167,0.09129108358395449
17031100100,3305794,0.09555011594793868,9.090278577184298,0.14317541975927173
17031100200,7075630,0.1815301252326648,14.902079079264897,0.1256124113448901
17031100300,7344565,0.22730182114257277,22.930827026358806,0.17002459738592487
17031100400,2986960,0.14787241878029836,21.77738881767084,0.12753439054008647
17031100500,6141727,0.14953253376452585,25.12208332193561,0.09862168643843258
17031100600,3563687,0.11630426577867248,18.386656019874014,0.1675736363093223
17031100700,3377515,0.13514610593883372,20.57785591921378,0.1765676980901914
17031110100,5141256,0.2087159246689914,17.487402627033017,0.09354544003178321
17031110200,1658754,0.04237216609575621,8.068534037423946,0.044832507014311525
17031110300,3364801,0.10305156233607872,14.334353038445638,0.15400349857478376
17031110400,2597023,0.08379517624603247,11.680425097955021,0.09293758236492153
17031110501,2200951,0.11360952606396053,15.576465458169812,0.13484233562262762
17031110502,1859644,0.12268799834807093,14.9994083229242,0.1434031846402623
17031120100,9022652,0.39545058370864794,18.17753086042377,0.1876612220855864
17031120200,8055693,0.3264323752158877,11.402377049891165,0.20769813011729257
17031120300,6011173,0.23486231389447618,20.25215532699287,0.2049961162885694
17031120400,3769353,0.23263780282716953,25.373090277777777,0.13597795350998146
17031130100,5127672,0.23421622911917922,24.023043226051648,0.1895979371256992
17031130200,5918868,0.30886733747061096,18.136718982519493,0.20810675788793737
17031130300,2004607,0.16304791911831096,16.31135841900389,0.21899686295277376
17031140100,801603,0.08555481953036603,11.002887854965506,0.0979358024691358
17031140200,1097657,0.06904707025965306,10.638686131386862,0.0918934436534197
17031140301,457287,0.08211692000865976,13.907777777777778,0.12459313610477145
17031140302,1153539,0.15290683713337824,19.08298171589311,0.16804423429096307
17031140400,3408158,0.11175890319638937,12.707413091345833,0.14960486937969053
17031140500,1259652,0.09702838561761502,16.77951674903899,0.09999946442152169
17031140601,757456,0.10068043556325385,14.299831239452466,0.14724767744694084
17031140602,1069330,0.08401054866131129,11.648729253112034,0.1303046940504007
17031140701,635770,0.048462494298252515,10.20569725074528,0.06875538020086083
17031140702,1188060,0.08976145985892968,12.524016441573693,0.13170760156443503
17031140800,2017974,0.10558213336742693,12.846668676514923,0.1348050770661334
17031150200,4547571,0.13342859297853735,23.126729427907154,0.15454328289830138
17031150300,3686683,0.16498245170523204,25.995298743482348,0.16567538381641345
17031150401,2051656,0.06362957532841763,9.267783614936818,0.11489293371177599
17031150402,1841795,0.04915422183250579,7.755011135857461,0.10105153972927992
17031150501,1942632,0.10052907601645603,13.103260869565217,0.15862237120487804
17031150502,1903160,0.09021889909413817,12.77917534980649,0.15042750486228748
17031150600,1824244,0.07208081813617039,10.399636191078773,0.13272662179655612
17031150700,1841388,0.09585052145446804,17.804700897810957,0.13713683848410493
17031150800,2277415,0.0892059637791092,16.121171242659894,0.13692605966187485
17031151001,1104130,0.08480794833941656,13.323705179282868,0.13381409248191256
17031151002,2323425,0.07556904139363224,12.893156116904098,0.11460150494809347
17031151100,1958409,0.09190776798921982,17.89550606482402,0.1318043727277255
17031151200,1945842,0.042229533538694304,7.709889285044098,0.0935872848048131
17031160100,1738504,0.15230105884139467,15.343996291145109,0.18559910986890812
17031160200,2663806,0.11827700665889333,20.392686084142394,0.07798538740985259
17031160300,1185267,0.09451963144169204,16.400380617771923,0.1386662791862254
17031160400,1827346,0.12556461666263533,19.09060653964556,0.16914846626816699
17031160501,960373,0.08427454749352595,12.405732679337829,0.12668428769871895
17031160502,865152,0.07569999260245598,10.566634398192965,0.12933149799509247
17031160601,912641,0.05795488039656338,8.25405742821473,0.11608006927112514
17031160602,1633891,0.22221739393876336,20.557071679311516,0.1740284580458332
17031160700,2197485,0.06551853596270282,8.27924094307073,0.11412800420770174
17031160800,1828176,0.065634818529507,9.858844795004519,0.12324297673022712
17031160900,1828523,0.1338599514471516,14.228099750043597,0.20395865665519422
17031161000,1186132,0.15461516930662017,22.79318916231668,0.1907496453009253
17031161100,1603746,0.15649298579700277,27.498082612030238,0.1769185275896415
17031161200,1568593,0.11609831230918409,14.51662016739737,0.15396213813534237
17031161300,1505187,0.06802477034414993,9.343858368315386,0.10829363736182086
17031170100,2820812,0.07886558905733526,10.870510627901295,0.09679045889111067
17031170200,1815562,0.08026550456552847,11.690894504612917,0.1423768386894595
17031170300,3887428,0.08490806775070818,9.981674126043306,0.15710503198962794
17031170400,2752146,0.10305630587912123,23.45761310065338,0.13536248041143867
17031170500,4279063,0.19211215165563114,18.74324540003192,0.15067074828628185
17031170600,2070966,0.1570865963033676,14.622482919813017,0.2062193376178601
17031170700,2099731,0.12041971090582555,9.678801102434543,0.18498910178270306
17031170800,2998361,0.09870492579112389,15.252164502164502,0.14982623308634963
17031170900,1432508,0.09040926822049161,16.08045691581823,0.14530089130461216
17031171000,4153247,0.0941010732085041,16.448171373258702,0.14366816940346352
17031171100,1979683,0.06250344120750645,10.642212092543218,0.11778069347800448
17031180100,3227471,0.08097299712375418,14.826846703733121,0.1295943389510641
17031190100,1082255,0.06956031619165538,13.011061182163843,0.09620349528827962
17031190200,2427821,0.0879484113532258,19.136314751747626,0.11922922130890833
17031190300,2007716,0.08158922875546143,20.568558513309895,0.10707224533889298
17031190401,1986686,0.04151436110185505,8.107342966676496,0.08961482346075285
17031190402,1985445,0.02452296588422243,5.810836615347894,0.062104201588250835
17031190601,1918277,0.14779200292762723,15.638259142809863,0.20698118435303897
17031190602,1727701,0.04233487160104671,7.682176241991387,0.08494237605718759
17031190701,773275,0.09446445313762891,22.209486166007906,0.11282576461709083
17031190702,1066773,0.10415805424396755,22.797086581862946,0.11871900063206091
17031190800,2129292,0.07140025886538812,20.628493894165537,0.09131095735011238
17031190900,882697,0.1001317552908869,12.91437755698422,0.14123244326071616
17031191000,1209938,0.05537721767561644,11.812940761636106,0.08590693257359924
17031191100,2659936,0.09211725394896719,21.87146300098188,0.10774877118367424
17031191200,1961489,0.04100405355319352,14.083172824374016,0.05929976541048515
17031191301,1876654,0.04394470158057905,8.76211219719507,0.08687867426009499
17031191302,1755008,0.021797621435343886,5.820906877662812,0.05106919062012627
17031200100,1915475,0.09387906393975384,16.174042093901782,0.11386414264655025
17031200200,2275821,0.08251967092315257,17.149118801935895,0.10218986879425696
17031200300,698213,0.06243366995458406,15.669302659956866,0.09029703613831355
17031200401,1120352,0.08383972180171946,18.6,0.11409578076244743
17031200402,1074493,0.07482877971285062,15.560867040836076,0.08957110450700757
17031210100,2589979,0.03151145240945969,5.3859961723751075,0.059046752008609364
17031210400,1434994,0.055927759976696766,14.013619696176008,0.06830435064310354
17031210501,1185160,0.04710334469607479,10.11322463768116,0.07503074374521504
17031210502,1017745,0.0558008145458833,8.016798418972332,0.08009019058267083
17031210601,1036465,0.07359148644672034,12.165071770334928,0.10011237145597716
17031210602,1157992,0.04881726298627279,7.699536910923454,0.07154864961659196
17031210700,1665736,0.04247791967034392,6.555823218752895,0.08866084038632635
17031210800,547880,0.022462948090822808,5.501564595440322,0.05023932373550295
17031210900,2044187,0.02786193239659581,4.459364234262449,0.0522222037753391
17031220300,907214,0.05425842193793306,5.851640513552068,0.12589951059802534
17031220400,916851,0.05312967974076486,7.181483119563615,0.11212316364007345
17031220500,960842,0.04622404099737522,6.6727764423076925,0.09490235372327614
17031220601,526828,0.09128596050323824,14.224194025436262,0.09736666837440443
17031220602,1261725,0.072690958806396,11.756954236636329,0.11564062771923214
17031220701,741319,0.06662044275136615,13.497403662202787,0.10647918763723226
17031220702,1600051,0.0548870004768598,10.628343216749364,0.05754205431299276
17031220901,816115,0.07476029726202803,11.432077946411843,0.1167186086257163
17031220902,918995,0.06297640357129256,13.040784136998647,0.10002547907363453
17031221000,612637,0.08317160080112693,13.440780796623581,0.13263082302984888
17031221100,1223748,0.08654804747382631,11.326382205111752,0.14993388892067305
17031221200,919201,0.09126730715044915,9.333889630618602,0.16759793603738563
17031221300,918385,0.048253183577693454,6.918813427010148,0.10236485844023302
17031221400,1005484,0.03240131120932804,5.9537646198830405,0.043472606818025866
17031221500,1072916,0.0389778882969403,5.5998928762720945,0.07700260845489122
17031221600,1204225,0.06851709605763043,11.09452736318408,0.11078236630741328
17031222200,782981,0.0968465390603348,15.538729508196722,0.1150723264982758
17031222500,447352,0.05945877072193709,8.641650422352177,0.11357624407866926
17031222600,447164,0.10382544211966974,10.440071958623792,0.17928275499243737
17031222700,625971,0.09686071718977397,12.008714596949892,0.16544643608516368
17031222800,310349,0.10638668080129145,15.096936442615455,0.16889539979465604
17031222900,607924,0.06718438489021654,11.50183047029006,0.1045179333410218
17031230100,463067,0.07606458676606193,10.854545454545455,0.133255310580892
17031230200,596473,0.07725244897924968,12.07520964360587,0.13049167071001133
17031230300,296699,0.10685914007125066,13.48001700680272,0.1685414925756894
17031230400,941725,0.06456661976691709,13.882191780821918,0.10147424230755199
17031230500,1464599,0.04059746046528777,13.114027348919276,0.0618484539418843
17031230600,2809545,0.04410002331338348,14.9801716841978,0.0670770382144238
17031230700,1798990,0.0651076437334282,13.135359425815857,0.10386536844261045
17031230800,569377,0.058402429321872854,12.004693140794224,0.06396350745758074
17031230900,1256284,0.061457441151841465,10.693628808864267,0.10169568496888134
17031231100,491824,0.05486718826246788,9.37304619659604,0.05755060502743879
17031231200,1825453,0.09563215267662328,13.3098505641964,0.15517561102251234
17031231500,2778315,0.11460435551764289,13.26143273635985,0.1857461284742816
17031240200,462390,0.1443759596877095,38.36666666666667,0.14618617250196198
17031240300,463057,0.12340381421725619,40.46954674220963,0.12457059069962295
17031240500,792618,0.07993257786222367,15.655053125772177,0.08394413580348313
17031240600,587093,0.04933460286530413,7.872791519434629,0.0968934133809827
17031240700,461905,0.05014018034011323,7.439768711853517,0.10471366857483348
17031240800,463721,0.0531526499770336,8.397955706984668,0.1046650831756552
17031240900,2780280,0.18726279367545715,11.024499216533265,0.30805008200925493
17031241000,577516,0.043249018209019316,6.578087964182249,0.09831127806710492
17031241100,1178113,0.060229366792489344,7.171720234485547,0.1219032933952764
17031241200,1188134,0.05248650404752326,8.798109480812641,0.09559639368713356
17031241300,457177,0.22320239207134218,63.538605230386054,0.17014386997802564
17031241400,1442622,0.16432232421244095,59.130705911698676,0.08421719738885548
17031241500,842211,0.08364056038213702,55.33621366849961,0.03935326873982951
17031241600,817958,0.08389795075052753,33.361691784151674,0.08036519146063767
17031242000,909058,0.07913026451557546,40.007786429365964,0.07839652889661664
17031242100,912427,0.09076671339186587,48.34676007005254,0.08586069882071615
17031242200,909709,0.13730654527986422,48.73546625048771,0.12422360248447205
17031242300,913374,0.1411513793911366,48.34045744281965,0.12465982223156616
17031242400,1179700,0.04003475459862677,9.117567567567567,0.06873378506241797
17031242500,1114270,0.018473081030629918,4.417167381974249,0.04500199123855038
17031242600,1336024,0.04160404304114297,5.620222446916077,0.06420529108393488
17031242700,488866,0.038767269558529334,6.271343481138319,0.08460362322198026
17031242800,1497473,0.0458392238123826,8.761072112316528,0.05308782679738562
17031242900,1156326,0.03634788113386709,9.267916207276736,0.06283677373260915
17031243000,902909,0.08625896961930826,36.599624060150376,0.09060075029549308
17031243100,901394,0.09349074877356628,42.54013124684503,0.08900155043750235
17031243200,901053,0.09080153997600585,38.70245979186377,0.09242938143446905
17031243300,909996,0.08057617835682794,36.26310583580613,0.08248074599818786
17031243400,913577,0.06740099630354092,27.379279679857714,0.08138109305760709
17031243500,1829290,0.06924489829387358,22.172063714335724,0.08608501757914347
17031250200,1609204,0.06317533389178749,16.307667629130574,0.08344306057367734
17031250300,1720674,0.09703813738104952,28.96790423317141,0.09628107452529086
17031250400,3635682,0.05724675590439428,10.17307786304316,0.10208042746270338
17031250500,5728247,0.12969308062309465,20.265528246815244,0.1307581951961894
17031250600,1800879,0.04012707128019151,8.147012401352875,0.08220462146056307
17031250700,1841247,0.09627714261041566,23.19377207902656,0.11932288766934436
17031250800,1847438,0.07386716090066352,15.210098082924654,0.097821623850868
17031251000,1390173,0.049889474187744975,17.71067415730337,0.06316872846702815
17031251100,1588897,0.09273288325171487,20.73793103448276,0.12393996869050541
17031251200,1841189,0.1289275571383492,19.84616670846919,0.17111768041771108
17031251300,1816640,0.06011152457283777,8.75569275176395,0.11599154320441811
17031251400,1912671,0.10304385856218869,12.633100442279341,0.1658747366170947
17031251500,1901262,0.16062120843944705,26.14804349687473,0.1800358108387876
17031251600,1543168,0.15360932834273391,25.74896806430589,0.1770613056552527
17031251700,1438669,0.09778413241683806,16.89837837837838,0.12457251608023867
17031251800,3074897,0.11160666519886682,23.87830503757306,0.12979726167275735
17031251900,1758251,0.14685730308130068,29.071380319747803,0.15851650322559283
17031252000,1736534,0.09151274895855768,10.930256551344659,0.15617535478431924
17031252101,3129190,0.25283412001188804,17.42579622043082,0.31945817870175397
17031252102,2540015,0.11496310061161057,22.043330565411036,0.15365336360966397
17031252201,1885255,0.11653702019090256,17.945111492281303,0.16326684857300186
17031252202,2646338,0.1361553210512036,16.146672641720816,0.17753055197763187
17031260100,905455,0.05935137582762258,15.699678644463921,0.09233769727403156
17031260200,913733,0.09967682025274342,21.846485967858,0.13011464989846266
17031260300,915843,0.10908856649010802,23.67488151658768,0.13026192506056436
17031260400,913117,0.09686272405398214,24.36556473829201,0.1191339748334567
17031260500,1244474,0.12265503337152886,20.93266593527153,0.13485947632033538
17031260600,1163491,0.1055564675618462,16.04572772406585,0.14507078123099604
17031260700,1205364,0.13192695318592557,14.882545624707534,0.1909989604996581
17031260800,1204692,0.09048619896205835,14.382900118749175,0.129886975091197
17031260900,729700,0.16155543373989312,15.098232581967213,0.22408010781827886
17031261000,1619941,0.15640260972467515,14.479540518916448,0.16291888988895906
17031270500,1933887,0.2596144448977629,18.84345443627083,0.1855593633615893
17031271200,1197561,0.09750150514253554,9.368851801331942,0.16093547596065344
17031271300,1190436,0.07434586991656839,8.359686407858694,0.13336466773612346
17031271400,1196179,0.08897915780163337,9.979840600093764,0.15400088435318787
17031271500,548577,0.0984747811155043,9.310754912099275,0.16657728107524464
17031271800,674877,0.11190039073786778,8.911848005664385,0.18360841368424666
17031280100,1699689,0.021964606466241765,27.230488694383663,0.02606854141671625
17031280400,1396377,0.040826367091408695,12.114109647258818,0.06945641467618813
17031280800,1130902,0.03572281240991704,4.803114968493639,0.07144994300911854
17031280900,563846,0.025515832337198455,6.198621283929341,0.047168579744901414
17031281900,1475448,0.01404048126399575,19.95761078998073,0.01634764081604908
17031282700,2668081,0.028729637518501126,3.3223387656033285,0.051196040759746105
17031282800,965121,0.039777395787678436,2.7770543981481484,0.07059956843403206
17031283100,602633,0.13146309611322313,27.337474120082817,0.14543525435446392
17031283200,669558,0.252823504461152,20.12602544287243,0.2772228446146989
17031283800,1046521,0.11973863878507933,27.927122799197683,0.13623341193878022
17031290900,2769554,0.1674793125535736,27.886911561353934,0.18769949739881844
17031291200,915701,0.15466183830748245,20.987551867219917,0.2009689434154832
17031291600,808097,0.03453917042137268,4.142941962297758,0.0501353016825635
17031292200,1096527,0.1539861763549826,22.34647961884595,0.1467408099982191
17031292400,919904,0.1235226719309841,21.999806389157794,0.16172126004609616
17031292500,2730787,0.10243347430612494,25.033470556649366,0.12099903194578897
17031300500,754363,0.09548586025560639,19.223645583133173,0.1086643342251492
17031300600,912938,0.10920237737940583,20.350071443151663,0.14863979808629255
17031300700,915685,0.10124551565221665,18.69133064516129,0.1384054478140031
17031300800,906514,0.07768330108525627,15.031163287086446,0.11944486576672228
17031300900,910555,0.05457001499085722,12.299257425742574,0.09163079866092778
17031301100,589047,0.11927231613097088,15.522978347326557,0.0914910136644852
17031301200,1898346,0.05444002305164601,3.202541059807871,0.08460249823886187
17031301600,916729,0.10977508074905452,17.839744726112393,0.15978802569796416
17031301701,920311,0.09707153342728708,22.44059281587541,0.12983646044624747
17031301702,920798,0.13811606888807318,27.221104452054796,0.15794807106065384
17031301801,1932295,0.10062852721763499,21.973556334049047,0.11380578825738427
17031301802,959858,0.11739757339106409,24.555458705600348,0.12265453087303481
17031301803,976517,0.13929301794029186,28.156075346719106,0.15524405890350626
17031310200,891797,0.08074707584797886,17.640862322390984,0.10693524562824605
17031310300,886299,0.08054279650546825,17.09001675843907,0.11125294996519465
17031310400,347221,0.0551637141762739,19.058706467661693,0.05795918367346939
17031310500,451003,0.09891951938235444,31.351370344342936,0.10963068296722361
17031310600,1510844,0.04889055388908451,17.450035435861093,0.05725885225885226
17031310700,445908,0.05930147025843896,20.247320061255742,0.07932138882517352
17031310800,925787,0.06163944838283536,24.714161974880902,0.07856932463707132
17031310900,1348422,0.08422734129226607,23.538652849740934,0.10536630369646625
17031320101,1367449,0.16693712160380386,45.007492113564666,0.12142992643804144
17031320102,2312372,0.08433547889353443,33.815675394485865,0.09075220499016629
17031320400,6153861,0.09056704400700634,16.17861186101193,0.0825071172714556
17031320600,4592182,0.09296147234582601,10.067352136590888,0.0989864620533746
17031330101,7638343,0.09250278496265486,18.860925738081256,0.0781851342565109
17031330102,1983350,0.0760723019134293,16.666077543355794,0.07970462629450858
17031330103,2414459,0.04554602086844299,12.031619256017505,0.05825529901413308
17031330200,2810382,0.1281868443506968,11.181761748091128,0.14303447257648047
17031340300,594976,0.07177432367019847,29.573407202216067,0.055107389283593704
17031340400,807769,0.05402163242214049,18.99738789725729,0.07107465764923136
17031340500,1211028,0.0855653213633376,30.236941931718704,0.08950546090671951
17031340600,1380842,0.07143974473545851,22.147956892680735,0.08263344219877729
17031350100,3020348,0.06367577510935826,17.04386742289968,0.0721526609715601
17031350400,892336,0.14288563949005756,10.680348467079913,0.20030361315551035
17031351000,4132357,0.15464757764152517,29.798517206005783,0.12435005017747335
17031351100,966168,0.08349997101953284,15.328709861295838,0.09617216262968532
17031351400,1694512,0.1039821494329931,10.393381702353565,0.14952429132586256
17031351500,833093,0.0710977045780003,7.210103469263542,0.11390044773079014
17031360200,646435,0.10084385901134685,16.56224593495935,0.08273346394253195
17031380100,1218313,0.12100420827816825,16.26445278022948,0.15069183552185336
17031380200,599056,0.0978856734595764,17.710359408033828,0.10948546739984288
17031380600,3605864,0.12060438219522422,10.039545674908235,0.1767610507194141
17031381200,751302,0.06355899491815542,10.295817162570073,0.1138583508006445
17031381400,1224290,0.07183673802775487,9.72026967285588,0.0807796982969386
17031381500,543457,0.06067637365973757,8.854726100966703,0.09539050439535156
17031381800,1219626,0.093626242799022,10.59070673344463,0.1431169517586008
17031381900,480790,0.050410782254206615,9.36876691148048,0.0943033520339426
17031390100,2711527,0.12781174592766364,31.191161911619115,0.0880242487943343
17031390200,983713,0.16530431131844348,34.9327604726101,0.14927871573841794
17031390300,1052947,0.1347589194897749,21.564437689969605,0.15446672446420748
17031390400,907722,0.10452098770328361,11.209357277882798,0.1697310114281272
17031390500,908366,0.3036837574281732,32.50335807705903,0.2886736161385306
17031390600,903136,0.29264141834673846,44.569139966273184,0.25542623534829567
17031390700,4037808,0.0605437405641873,22.715480393978815,0.04141154075321817
17031400300,4377897,0.30693527051915565,20.45439461746887,0.2071153329589021
17031400400,909545,0.10230939645647,15.923169062286105,0.1482049475998378
17031400500,1537640,0.1399644910382144,15.423176150207826,0.20061688132001929
17031400800,1837402,0.10678501492868735,12.063883423512051,0.15668409475040282
17031410100,1353681,0.05847020088189167,19.447174447174447,0.050286769068494955
17031410200,180875,0.18945680718728403,39.16342857142857,0.17680473372781066
17031410500,731854,0.06981173840684071,8.070131100931922,0.13275687599663907
17031410600,701902,0.16541055588956863,16.870386515547807,0.20929922691501618
17031410700,723278,0.20761311694811677,34.40925756186984,0.1985922871304418
17031410800,694717,0.12781031700678117,29.489206243772834,0.0972642766073891
17031410900,2684881,0.07200319120288758,25.346794283466632,0.0726400155177978
17031411000,5270300,0.07675103884029372,23.322244003690038,0.07446466625378236
17031411100,789026,0.2108004045494065,30.142624139180864,0.14550961595012646
17031411200,1120938,0.20872519265115466,24.99925205684368,0.22821108409871635
17031420100,3847668,0.09801599306385063,21.43775579809004,0.08817469715639052
17031420200,771470,0.10553359171451904,25.936922586811086,0.10991072124220301
17031420300,682081,0.09420875233293406,19.10734463276836,0.11970945622935263
17031420400,682138,0.06455145439779048,9.955460094958173,0.11676067965493733
17031420500,684462,0.049945796844821186,9.662521198417185,0.08799361412405503
17031420600,677898,0.08888947894816034,13.729323308270677,0.1370992861684918
17031420700,1808410,0.10802306998965942,14.82057507017677,0.15651738429160414
17031420800,966944,0.057547282986398385,9.388392103931162,0.09819779659937591
17031421200,906902,0.1293778159051364,22.83631763332036,0.07593826477818354
17031430101,910011,0.08152428926683304,19.862918340026773,0.10803463959693654
17031430102,2770834,0.10304009550914996,25.14593975691386,0.07727229408350156
17031430200,1838359,0.18232945795679734,34.178342000611806,0.18411333970073226
17031430300,1129713,0.13707729308240235,24.106164383561644,0.14786278132348002
17031430400,1523169,0.1442847116767739,25.030751708428244,0.14341679355443737
17031430500,953707,0.0913907520863326,24.400895856662935,0.11040307338953462
17031430600,927370,0.09667015322902402,17.791029966263146,0.13484900543929296
17031430700,1024170,0.027579405762715174,12.57613535173642,0.025759391433712517
17031430800,912662,0.09537923130359323,17.692886178861787,0.13722735000563133
17031430900,936155,0.12240921642249414,25.624776386404292,0.14474121445813348
17031431200,2098001,0.12321204804001523,6.6871637003311255,0.183354349177772
17031431301,1387555,0.11831891348451053,9.316422653501306,0.1550303567493213
17031431302,1216938,0.09344765304395129,14.273879753985188,0.09103290443348529
17031431400,6150583,0.05294359900516748,11.897913697979465,0.03915752259935535
17031440101,1732801,0.08558339936322751,9.859650289209494,0.10977359238699445
17031440102,1744923,0.1400909954192821,17.099048684946837,0.14284138655462184
17031440201,2349367,0.06457782032351693,8.036283701467239,0.08987758686165805
17031440202,2173374,0.14319762728366126,20.18562718899987,0.17213636363636364
17031440300,4517044,0.12041547525328511,6.733457953180901,0.1817848952011346
17031440600,1853479,0.15073005952589696,22.3571542893726,0.1575155437513221
17031440700,910984,0.10418953571083575,16.58483312947755,0.14888260735576975
17031440800,777964,0.12771542127913374,13.931295569265282,0.10391896216429117
17031440900,2064619,0.1552131410202076,18.975367124585503,0.15806878757268625
17031450300,4103617,0.0818304924655493,7.710346252755327,0.07353523685986471
17031460100,16087408,0.02282393782764756,8.725712927756653,0.028381915300959643
17031460200,1669042,0.12498547070714817,12.850736154746505,0.1584780532630096
17031460301,1674839,0.11894038770293741,19.41578947368421,0.1594274409348703
17031460302,2535004,0.14542935632448706,22.106134196797985,0.15006164789567278
17031460400,3377731,0.12411971231575279,29.26857023177883,0.15545323538715686
17031460500,5104705,0.10481173740696083,8.837239647853592,0.08039270873387712
17031460800,2276839,0.09951603956186625,14.367002726523365,0.11405561113265403
17031461000,1728742,0.027590004754902697,6.983308931185944,0.033680971371936014
17031470100,4416003,0.1618705874973364,24.99024611942386,0.12099759767616176
17031480100,1840200,0.10076785132050864,18.931393568147012,0.12803059399256642
17031480200,796246,0.11380276949585932,21.73542816023027,0.12610186804412968
17031480300,1156876,0.13431776612186613,20.259322033898304,0.10474248927038626
17031480400,5064205,0.09278652819149304,16.555915721231766,0.13272898998844387
17031480500,5652037,0.07850143231546432,17.42980043997486,0.068397035433383
17031490200,2420204,0.1514789662359041,24.344910020585697,0.1117292880029957
17031490500,3957469,0.07742170564065062,11.706938713128535,0.11060250013412737
17031490600,1899073,0.09268785349483669,17.278983017571413,0.1224773166023166
17031490700,1778763,0.15233676436939603,21.83665081795471,0.18919123081605146
17031490800,3005045,0.11275272084111886,18.4105085850902,0.10069022387520794
17031490901,2350416,0.15379064812356621,23.801409099888062,0.15745136273982427
17031490902,3324800,0.1370906520692974,20.23974245115453,0.1275649845382783
17031491000,3551427,0.23087958727576266,30.133107934291278,0.23399833703786227
17031491100,3673605,0.18216003081441798,29.039402881444193,0.18944296308427716
17031491200,2319876,0.19532638813453823,31.62569793411502,0.2178403230121254
17031491300,2481732,0.2233162162554216,27.582292340616135,0.2726588790870944
17031491400,2723225,0.13262069788577882,17.267798230934737,0.15584556707481628
17031500100,7365979,0.07872680603623768,12.78129201472306,0.10887809093360165
17031500200,5675306,0.05786102106212423,11.201357620412061,0.060800537377030416
17031500300,2249080,0.08449810589218702,13.067661417864265,0.10676494295029662
17031510100,6597701,0.04352970830293765,9.130667005786227,0.061608488727132794
17031510200,5660594,0.12640705198076385,23.434171742975042,0.12315021218579775
17031510300,8591113,0.1071212775341216,15.56017516569728,0.137003366108239
17031520100,8623183,0.053199265282900754,8.114819924998232,0.05463996076052367
17031520200,3385465,0.026840921409614336,6.88245095811558,0.03645435450340606
17031520300,2663902,0.06019966199957806,8.336764400083178,0.10121361412972843
17031520400,2016293,0.04583113664531891,6.66491164803462,0.08118102973322237
17031520500,3409074,0.08086066773557864,7.022826862325487,0.10953701420497286
17031520600,4014017,0.06732233570510539,5.904538204383071,0.11894504410947121
17031530100,1966076,0.2027958227454076,14.453418400638006,0.2506299736594439
17031530200,4228454,0.28477358391506685,20.211692431643083,0.3524657055284368
17031530300,3635324,0.16356423801564868,23.24870972786988,0.19580111069357498
17031530400,3646075,0.157505536775848,21.75456473975301,0.19381436056365464
17031530501,4238757,0.2699564990396949,19.5513181950211,0.3383002048713863
17031530502,3169415,0.29542076376870813,26.623190878330348,0.24321121341315916
17031530503,4600755,0.24882676864992812,33.97308365729887,0.1847271120750246
17031530600,3124648,0.2427364618350611,16.9315563889633,0.2196112168298204
17031540101,10741358,0.2717359387891177,18.856111994004937,0.2410169911563565
17031540102,14742846,0.19297257802190976,26.075955748237902,0.09592199345131382
17031550100,23667199,0.09552304858720291,7.23777676753448,0.1349842161466986
17031550200,15557491,0.07025663714026896,6.655687692954093,0.07175088057316026
17031560100,2746785,0.08638535597070757,5.354318981857569,0.1114003405407708
17031560200,3918297,0.17325792302114923,10.818223829936418,0.19636403561863494
17031560300,2850452,0.12962716088536133,13.111529044391611,0.17243599754352124
17031560400,944809,0.06325722976813303,17.358698809178044,0.10340271718808426
17031560700,2078882,0.07657192664133895,6.417415843579923,0.11621837951519509
17031560800,3671424,0.06936954162744483,12.429721815519766,0.1190751682877944
17031560900,3666290,0.12208690529117991,21.057866014301844,0.1604397598039228
17031561000,3691186,0.10363389978180455,21.1261942895013,0.14526074141430745
17031561100,3673894,0.09015012409176748,15.613897793701678,0.13504308282762334
17031570100,5565066,0.014706204742225878,3.8272072577628133,0.02313670359242876
17031570200,6901052,0.043726376790089394,4.3832142234617395,0.06267442438512576
17031570300,2724280,0.07749754063458969,17.184193390851377,0.1147509884580055
17031570400,1289075,0.0657479200201695,15.443513119533527,0.06972430768964787
17031570500,1179003,0.07792176949507337,20.851112119836586,0.06273229170425432
17031580100,3160199,0.04119962065680041,2.2402140436001994,0.0545671626356335
17031580200,2029020,0.0415377867147687,8.44583625613789,0.07110222915448106
17031580300,1310034,0.06850814559011445,13.912261664858162,0.08682517482517482
17031580400,5008158,0.03342985584719971,3.8563169411493723,0.053544118023756034
17031580501,1368529,0.05176872393643101,8.856982122765345,0.09639481686436731
17031580502,2344922,0.05840194258060609,3.4871664290079445,0.09459763549185578
17031580600,2064521,0.057614332816183514,2.4349730803087066,0.0877723386995983
17031580700,3151022,0.06399479280055805,2.6280676145916146,0.10401962323543036
17031580800,876537,0.05340333608278943,4.548192771084337,0.08930941905220281
17031590500,1926694,0.23824956116539522,4.771117647670224,0.3118693378714609
17031590600,968142,0.11285224688113933,28.865785997357992,0.11061636658585744
17031590700,2453123,0.03517801594131236,15.300709219858156,0.0508695709617468
17031600400,910381,0.07017830996033529,22.41719298245614,0.09070903805610302
17031600600,1129782,0.07297071470425268,24.543316463233104,0.037534895096834775
17031600700,1355560,0.05950013278644988,17.537725592520115,0.040371019054861006
17031600900,1063888,0.09234430691952536,24.049938800489596,0.10379557149169297
17031610300,7935521,0.04475660766318935,4.690407015134307,0.05887347660114091
17031610400,551553,0.06350432324726726,20.911044776119404,0.08650554837833424
17031610800,1187410,0.10319097868470031,26.064667092108063,0.1213218149098639
17031611200,909831,0.18761616168277406,35.85360218441504,0.1777885371131305
17031611300,909734,0.11205803014947226,28.451855986603405,0.1246301775147929
17031611400,908693,0.10720342293822006,22.52369942196532,0.13686040228224214
17031611500,1432090,0.0911465061553394,16.499810390595375,0.09665363746138285
17031611600,933222,0.16095098486748063,28.25489089541008,0.17124396463959196
17031611700,913393,0.19576348844363817,31.709345628657562,0.20688144862731223
17031611800,911997,0.18300169847049935,33.984320912237834,0.18221316895249878
17031611900,1816825,0.2889342671968957,38.97416289256812,0.25547220842658824
17031612000,906677,0.2809026808885634,33.07206856252435,0.2823681022044689
17031612100,907897,0.3198743910377499,40.156664823008846,0.28343951089818514
17031612200,2496640,0.16543874967956934,26.448165460715888,0.17517513535019005
17031620100,2328716,0.07703773238127792,13.647698744769874,0.09897487359194143
17031620200,1605170,0.07313991664434297,20.485430116908045,0.06206322758878619
17031620300,2757695,0.11014814908827844,22.68860173289513,0.14939213026746267
17031620400,1824482,0.0880134745094772,16.1256276360715,0.14384482978452123
17031630300,2738903,0.05836752889751846,10.951770911831199,0.10432353681480186
17031630400,1829896,0.06820278310898543,12.274193548387096,0.11992280742792435
17031630500,2089330,0.07595497121086664,11.159985935302391,0.12482950610048484
17031630600,3241708,0.0623615698884662,13.229369805640992,0.039977402071629316
17031630800,1823163,0.057678880056253885,10.44166418429153,0.10727152430955735
17031630900,1834024,0.08352616977749473,15.070241023118545,0.13363887228415228
17031640100,849987,0.08793193307662353,19.05685874553799,0.11696501822672181
17031640300,3681191,0.07186532836791136,14.107076201141151,0.11232058541596214
17031640400,3709758,0.05369029462299158,15.245158821278224,0.08517390134900273
17031640500,1840911,0.06841612658080701,18.968072289156627,0.09751154950041696
17031640600,1834799,0.04819983006312953,11.796318527410964,0.0822893916744787
17031640700,2455613,0.12422275008317679,11.54503822572099,0.15779231710071553
17031640800,909080,0.07863224358692304,20.60028818443804,0.11155961424227914
17031650100,1872041,0.11638473730009119,21.383550888212778,0.15748327898309597
17031650200,2754371,0.10189404404853232,22.858283107998044,0.13658804246929165
17031650301,2739164,0.1335600935175842,26.44138479329286,0.16870280178508115
17031650302,1845942,0.12123132796155026,20.753593619586386,0.17228016548525654
17031650400,3063566,0.12207832310451285,18.229430688243323,0.1496152222198855
17031650500,9016838,0.052307360961791706,11.263749910443483,0.08699152734972199
17031660301,456309,0.0452456559042228,8.125147579693035,0.09263868909875539
17031660302,1367610,0.057984366888221055,9.318448883666274,0.1132160027815064
17031660400,1794904,0.10690933888386231,17.394126178390138,0.15751966636790032
17031660500,1826961,0.135667920661689,20.346412740108356,0.1873670522319171
17031660600,1968820,0.061964019057100195,8.054136132567505,0.11249331070440194
17031660700,1366745,0.15899015544231002,16.649988506627846,0.19679377127194964
17031660800,1959732,0.07783870447591813,9.303104226382874,0.13181870422417485
17031660900,5760695,0.30811021933985394,18.901728379285007,0.36003216177814984
17031661000,3408552,0.09392991510764688,12.067581319965324,0.11464591232122388
17031661100,3601080,0.10210742332855699,14.112339282287468,0.16391011610910172
17031670100,909431,0.2631403591916264,37.78746249802621,0.24576503053453064
17031670200,908410,0.2553571625147235,33.72132577409507,0.2497033041421741
17031670300,907874,0.27277463612792086,38.70057821534615,0.24934177405015157
17031670400,908094,0.20833856406935847,33.77204569796501,0.20394138723995936
17031670500,1731303,0.1658178839868007,29.866937161880983,0.15453349262540123
17031670600,909803,0.24656876268818634,35.06784430201657,0.24634917920656635
17031670700,908982,0.2537597004121094,37.78263718263718,0.24394274838185884
17031670800,907795,0.20385219129869628,33.86822840409956,0.21037421966110997
17031670900,907713,0.21327776510857507,26.04884284176534,0.25426335830847424
17031671100,682318,0.22136892182237608,35.28241065171689,0.21811528480731981
17031671200,681552,0.201067563443435,31.194627816981562,0.21596259556815195
17031671300,1348013,0.21007735088608195,27.41934546862897,0.2324337274707525
17031671400,1378485,0.22615262407643175,36.16146618721726,0.21247583779203352
17031671500,2061223,0.1971994296589937,30.8681652490887,0.1262739332662729
17031671600,1132608,0.18574122732666554,28.893283889575606,0.19811241379017283
17031671800,902019,0.1491842189576938,25.04504001488926,0.17640859482681753
17031671900,896041,0.10805309132059805,24.998709011102505,0.13109793710675488
17031672000,2765638,0.15089501952171613,24.441899964858848,0.17824315877648153
17031680500,909348,0.31494213436440177,37.431969677166386,0.28956799214531176
17031680600,908276,0.26757175131788136,32.58635022794315,0.2672517136117069
17031680900,2870776,0.15661410015967808,27.26690520953363,0.14313896580712532
17031681000,1813810,0.20935544516790622,27.338444924406048,0.23053189067101454
17031681100,1813721,0.1856774002175638,28.073274424808268,0.20728601394307064
17031681200,2209241,0.2110833539663622,36.01034749034749,0.17292367258436733
17031681300,1996450,0.21904280097172482,39.343949617633825,0.16493635128127784
17031681400,1796813,0.15992704861329476,27.673247303543913,0.18019023168658618
17031690300,1956299,0.09896595561312457,12.32537560478737,0.12066147981502312
17031690400,2391256,0.1532658987578076,13.154989231873653,0.2146974795404679
17031690500,899705,0.07104662083682985,17.10032102728732,0.04981722070271408
17031690900,1822111,0.12547424388525177,18.755373256767843,0.16431695163779522
17031691000,2364630,0.1315190960107924,11.941099677468898,0.1925241446943741
17031691100,2429738,0.13078159044308482,14.509154833112643,0.1693535598833798
17031691200,3684562,0.09193304387332878,7.803649181007671,0.13053172012394784
17031691300,2618747,0.11867584001050885,4.134608732671687,0.1764857917342545
17031691400,2157897,0.13507502906765245,7.4872334960184945,0.19283573311464552
17031691500,2188700,0.16587060812354365,7.530564832292725,0.20921376092350163
17031700100,7396274,0.05603240226092219,10.313333665140354,0.08508018489182093
17031700200,5020543,0.11560562273841694,21.979966674240703,0.06586983490791105
17031700301,3761043,0.13469242441524865,25.08959437373087,0.1693162224199093
17031700302,3667210,0.1361626413540539,28.23346149496777,0.1652041483868335
17031700401,4371624,0.14233177418735005,21.571190847633904,0.19293876322498663
17031700402,3193202,0.14731451377019056,16.831436954343783,0.21277680494552542
17031700501,5606633,0.11807318224681373,12.559153860747486,0.16806458329238988
17031700502,5305590,0.2691762838817172,23.103063931668178,0.2585701050467047
17031710100,689307,0.1504714154941122,24.24520804114072,0.17537485063470876
17031710200,2136764,0.1398235836994633,17.44336758524054,0.1791581770424195
17031710300,1021740,0.10516569773132108,17.693397003128602,0.13661935111780993
17031710400,3133354,0.1310384974056554,19.385741265344663,0.1643315260639486
17031710500,2522285,0.1177162771058782,22.29084084084084,0.1394964254577158
17031710600,829535,0.07807386065687404,17.556248305773924,0.10916951459021337
17031710700,1594957,0.07258565591423467,16.17365185806091,0.06840141097080926
17031710800,2737349,0.0781471416322873,18.17005011466916,0.10935409591437686
17031710900,2906160,0.12306376799625623,20.491777917836476,0.11622628964656169
17031711000,1819050,0.12293284956433304,23.230937045501765,0.1558730400495981
17031711100,1817966,0.09336148200791435,21.325292122125894,0.11929584457056984
17031711200,3063340,0.12627230408638937,27.979385171790234,0.12072640808644254
17031711300,973968,0.12850935554350862,26.278395968927146,0.10664271898314452
17031711400,2072986,0.10034848281657474,21.416761041902603,0.0741121333381691
17031711500,1805128,0.16164006098182512,26.542436095697262,0.1846616123961954
17031720100,5460538,0.3886769032648431,56.271310019354665,0.21353890246317317
17031720200,4647621,0.34357534747347085,48.8484811404448,0.19635794194959094
17031720300,3515043,0.25272094822168606,39.659136568596814,0.2235521721434386
17031720400,2372703,0.2193974551387173,23.051188947438337,0.2684486419669984
17031720500,3430580,0.4163978102828093,37.67203776470898,0.3565251479053541
17031720600,1619073,0.281028712108719,40.807713004484306,0.25515650741350904
17031720700,2917906,0.3703330402007467,55.43513055968809,0.2437502287952557
17031730100,1826245,0.10780316989232003,17.573417834508614,0.1588647354931024
17031730201,2775964,0.11765210211659806,26.9670547436215,0.12635051801109262
17031730202,2426387,0.0831528523685628,19.233651096282173,0.10103543407089637
17031730300,828235,0.09974705246699306,26.495830660679925,0.06328458516111739
17031730400,3571721,0.12820710240245528,21.97312859884837,0.14610681380754661
17031730500,3661553,0.1491006684868415,22.189074947163064,0.182043409629045
17031730600,2799647,0.11784164217846035,17.731645705686336,0.14705351880471396
17031730700,2746404,0.17479511390166924,27.897373314737333,0.17271302471025543
17031740100,2639791,0.15331365248233667,15.347591960561244,0.18310783107831077
17031740200,5453912,0.15921067299949102,25.454254976108814,0.13779373731991174
17031740300,3670243,0.17260573754925765,29.712724543876927,0.19267878474630354
17031740400,9970834,0.3083015924244652,34.58194867871888,0.2462680756044844
17031750100,3572393,0.18615533061452086,29.441296263502746,0.19617843009809674
17031750200,3644242,0.34564087675845895,47.44073669541637,0.22808443517895607
17031750300,2371707,0.22598786443688026,27.02314207925784,0.26974927525595394
17031750400,3841971,0.2535789572591777,30.152986691426804,0.21964005326312494
17031750500,8352773,0.2389574097129181,26.601055535564353,0.21563924214834929
17031750600,4694449,0.20350822854822792,29.76474436863258,0.21993836754381263
17031760801,3613859,0.17753182954841348,28.928442600775544,0.0930145628186441
17031760802,18271375,0.5931771965711393,21.27825245310727,0.3680110928946138
17031760803,2122446,0.3228322416683393,67.46027370286502,0.0974152277179467
17031770500,22849953,0.028424566124928136,3.5733541664374293,0.034098176948464606
17031770602,15553268,0.07990269311889951,14.032361144044353,0.0802909719419973
17031770700,16504157,0.09688183407368216,7.105952465602446,0.11620615034411255
17031770800,13198806,0.1674951506977222,8.221558600940888,0.14741905199642213
17031770901,4039338,0.10360979942752996,16.068919178345173,0.15153240154746997
17031770902,3232895,0.1390190525829017,19.56357463108867,0.1410295302754319
17031805402,9260560,0.10585353369558645,5.612278431731782,0.1649645763616352
17031805502,5139494,0.2361228556741189,27.9041618762934,0.1739337034350816
17031805600,6652381,0.26729031304731343,24.892791645084067,0.27462141641513305
17031805702,4658024,0.49718399905195854,53.09737252384446,0.2499411085136187
17031806600,10704678,0.2081107904413379,15.99815441181751,0.23341628281990048
17031807600,12288457,0.10063948630816709,10.217232177526624,0.09958770109320679
17031807800,7337077,0.12626935767472525,13.4781558694735,0.07302490768445496
17031807900,7598366,0.25492270311801246,24.006593461071315,0.16945190150572578
17031808001,6434588,0.32871211023922586,53.31670489778428,0.19561256086180026
17031808002,8212204,0.12511148042596118,18.702167937819684,0.14809633435471223
17031808100,14048781,0.18489234048135564,11.599764209924619,0.2073281693798721
17031808200,7310159,0.12366995027057551,14.835034460124714,0.08104216568081697
17031810000,7038380,0.16566994109439956,36.4697713695931,0.08182623049219688
17031810200,3143949,0.24482839893395217,36.306211971133436,0.21347683793204375
17031810301,4850943,0.21308042580586908,16.97638247901851,0.19285089884404952
17031810400,6444903,0.20867839283228934,26.441853606747536,0.2049655488037426
17031810501,6314200,0.127827119825156,13.736678183025,0.1666337672470833
17031810502,6174035,0.04937111629590697,13.57889344262295,0.07018020690174039
17031810600,4265376,0.22178373020338651,31.278633778600714,0.13504572458066796
17031810701,2039055,0.07258656583564445,13.603676470588235,0.11943545605963884
17031810702,2069888,0.06386674061591738,15.132440476190476,0.07407197444896214
17031810800,3197179,0.0988712236631105,7.027924142377554,0.1465172675432288
17031810900,3399373,0.09628099064150948,17.777144098636686,0.11501153308933629
17031811100,11080559,0.28943332191092525,10.594292377724482,0.2514238019588448
17031811200,9917168,0.1642374113254913,13.938385178212314,0.07232507493751869
17031811500,11858326,0.08556089620069476,4.47883761377983,0.10893696723513958
17031811600,9736665,0.13122172735736518,8.168776533169659,0.12699955358476706
17031811701,24573499,0.05188056450568965,10.720993987301854,0.06546431349784558
17031811900,10526071,0.4241090526560195,61.513262508095295,0.2706218967384543
17031812100,2893003,0.1441820143290553,15.5990650710546,0.20625481764908013
17031812200,4119972,0.21418737797247167,25.760333956095284,0.25740237172778757
17031812500,2678799,0.16287186907267026,20.570532767562472,0.16304754116533593
17031812600,1749197,0.17286389125981808,20.462407795899033,0.22027630026928982
17031813000,3171720,0.18602619398938117,19.502958384292466,0.25283162721094443
17031813100,2872876,0.12936130901577375,8.893012682459918,0.2017915902663393
17031813301,2521873,0.060480444495024134,13.382820040361498,0.0864239459329292
17031813302,2310100,0.07192242760053677,14.580781044317684,0.10083563122737581
17031813400,3085186,0.046933312934779294,9.53685042481723,0.07271838074216676
17031813500,2291900,0.06345477551376587,10.75521372578021,0.11345901236699799
17031813801,2761337,0.08424107597153119,18.6213576689081,0.07080981121406789
17031814200,9406632,0.08487267281211809,13.231781493942357,0.09228469596687737
17031820300,4587312,0.14263320218899433,16.96887886096631,0.10244226888653347
17031820400,8388708,0.13275298174641434,18.53294280151109,0.09531547176280926
17031820502,12131540,0.10496185974740223,6.333840697576092,0.12034058873223591
17031820700,17396517,0.12845433370369483,16.43771469763952,0.09001214007727183
17031820800,18070964,0.09848959911601839,6.609754557709948,0.1047595564012062
17031820901,37668685,0.03245908371900957,5.304585309136344,0.04156092051290192
17031820902,9633755,0.0739530951326871,8.860938024700571,0.08415342702267681
17031821102,6474814,0.21249737830306786,16.58887147335423,0.19868333816481226
17031821200,8177100,0.1517235939391716,22.84444567198807,0.11091314882588726
17031821401,2374278,0.1296785801831125,18.643233424159856,0.13817170970354076
17031821402,4917721,0.22000678769698404,24.80243913621567,0.12531567867352905
17031821500,14603166,0.24261423858360578,15.6955287092044,0.18215078420573189
17031821600,10801576,0.24564545025651813,13.989486892886518,0.22920310300456437
17031821700,4310913,0.172398747086754,23.583790816488435,0.12888460589470352
17031821900,5692380,0.12157673943060723,15.385287448312658,0.08355231724796942
17031822000,3447100,0.16951321400597605,26.769699468572476,0.19669126621974348
17031822101,5629308,0.23612120708264675,32.18945099653694,0.20409668244812038
17031822701,2996668,0.1862291718668868,27.36293209119882,0.17240887206992944
17031822702,3609403,0.16335499250153004,27.725665381359917,0.1830364662036835
17031822801,3198760,0.14627605697207668,22.235517749370338,0.14811087878945206
17031822802,3627234,0.20392343036043442,27.761522293949856,0.1594043390411892
17031823200,27326226,0.18542026257120175,9.175626487216727,0.1479474443299748
17031823303,5581846,0.31578639038053,47.020860564995864,0.20641209421401055
17031823304,10605219,0.35759846166307363,19.312966603179778,0.16791820911179592
17031823400,15584873,0.31324887921768757,18.909290912823373,0.2729218693527838
17031823500,3638136,0.21651911858160333,22.018280411449016,0.18991428762598436
17031825700,14405855,0.13494096671110462,8.045576451890604,0.2387777953332813
17031825801,7980601,0.08934840872260122,8.492276543798011,0.10683393416518959
17031826401,9022110,0.20771393831376475,17.08529803256569,0.14983456588321364
17031826500,12493517,0.2389916306193044,17.720049139174247,0.1680285833350526
17031826600,5501656,0.24732389665947851,23.613268776898515,0.2340155934896371
17031830500,11426686,0.07321300331522193,16.68425671094093,0.07264611241396299
17031830600,2272870,0.1390955048022984,37.636428571428574,0.12170967455071888
17031830700,2419162,0.3104955352307948,45.01072627037392,0.1523160458622943
17031830800,936225,0.13880530855296536,56.47674923946111,0.11802671700304922
17031830900,3513168,0.022675829906227088,6.580538575912771,0.026535485855120035
17031831000,783450,0.13004020677771397,40.768307322929175,0.05649540790171085
17031831100,3961771,0.05631067520056056,9.681885253016231,0.09025370863793133
17031831200,1596832,0.06315191579327067,13.488897806313537,0.09470761804838669
17031831300,1650270,0.05788204354438971,12.825053705692804,0.06436883445689502
17031831400,7325583,0.05337377243558636,8.501532908612555,0.07097222116462645
17031831500,2757199,0.03426158213462285,9.880347244012132,0.06208109289860349
17031831600,4137694,0.08290221558191592,13.659764256132526,0.09830335843257201
17031831700,1699618,0.06955092261908265,13.879300223083245,0.07735747420156171
17031831800,5309407,0.1964266442561288,17.502290768120563,0.20402925394792437
17031831900,902280,0.1492640865363302,47.040866224240304,0.12996189540201644
17031832000,467114,0.07455139430631495,31.17636526410027,0.05550716941051514
17031832100,618165,0.09812752258701156,30.43602609131962,0.11239932695579839
17031832200,1112279,0.1144470047533038,37.00494186046512,0.08131387087286968
17031832300,2337313,0.063948217461675,22.89629289215686,0.050114144084516164
17031832400,1020725,0.04190158955644272,6.421921921921922,0.08537863557733584
17031832500,2173097,0.0888625772342422,31.992544731610337,0.061682032666815725
17031832600,2006691,0.09602674253285633,33.052487135506006,0.0697283418251607
17031832900,2027472,0.11049622386893629,19.867683575736077,0.13156275911083035
17031833000,3646218,0.02770514544111186,16.23055912596401,0.04157625957822288
17031833100,3136691,0.061145327990548004,14.181750961254068,0.0822851243706167
17031833300,1826519,0.10391898469164569,17.011113102706577,0.1261457854920572
17031833900,1995685,0.08847187807695102,12.445337280609008,0.08156545402463478
17031834000,2689376,0.15786226990945113,22.754368099474757,0.13654438967532037
17031834200,3028108,0.10392495908336162,9.599072718399219,0.11081790868575485
17031834300,6682992,0.1560495658232121,9.173077430534176,0.17661519096974215
17031834400,1630650,0.12639744887008247,25.575133391239607,0.13043756343766078
17031834500,2083775,0.12752000575877914,14.769773775776777,0.07133352092449002
17031834600,4474086,0.16783025628027715,10.321754549953264,0.23333640636561903
17031834700,1829267,0.23940627584710159,28.30885585003232,0.241238263932261
17031834800,1667940,0.20437785531853664,24.50682961897915,0.21005600446606243
17031834900,1816394,0.2946409204170461,30.89620136242928,0.27725964288199867
17031835000,3086283,0.0480996071973957,9.742665879110062,0.08328770120550721
17031835100,3086104,0.08730943610455125,13.344856619285821,0.1299477670836894
17031835200,3758546,0.05462910391411998,8.965417867435159,0.08107951805481528
17031835500,2935521,0.09679951190947024,11.003601301115241,0.13331412871654347
17031835600,2640026,0.07745378265214055,8.754548957485978,0.1141827738281437
17031835800,977199,0.08943111894301979,9.926397092230804,0.10299288102853199
17031836000,1638036,0.08841869165268651,15.64747191011236,0.13188469513245682
17031836100,3147371,0.12380332664944807,10.242758004311025,0.11035007191448863
17031836200,2261846,0.16618947532236944,24.971434265594898,0.17656740932559165
17031836300,383441,0.09668501803406522,13.446862531737395,0.11810603208233089
17031836400,4629913,0.08252682069835869,18.253965220714694,0.07505430465307097
17031836500,2607219,0.10043114905192084,16.66429071469484,0.08040657120927035
17031836600,1764075,0.036345960347490894,7.978720756595321,0.057093660772027224
17031836700,3412321,0.03599075233543386,7.631866766094954,0.06925070725269862
17031836800,2268559,0.16734323418522506,17.8985384252711,0.2039751269684084
17031836900,458877,0.05567940864327478,11.094224924012158,0.09532319641219904
17031837000,1426225,0.100351627548248,10.4883482339147,0.1547696974269307
17031837100,2085622,0.030059138233102644,6.607504215851602,0.04910486738408636
17031837300,1221669,0.0848576824000609,8.253821656050956,0.1337951502291749
17031837400,2015445,0.053180811185619056,6.3414388829724295,0.09231185764036354
17031837800,3317364,0.03859660863263724,8.980151493898163,0.06513736531506954
17031838000,2382641,0.08465354201493216,10.609036398064381,0.09763131127318371
17031838100,3051722,0.05155744854872102,11.220867208672086,0.0771194869587162
17031838200,4023860,0.0769644073103935,4.453081413740546,0.10736802464909277
17031838300,968433,0.1355457734298604,23.507700573065904,0.14099349868124783
17031838600,685440,0.1365283613445378,15.098741529525654,0.20231474351295697
17031838700,1829486,0.15841443990279236,23.041580537446336,0.19492945156145497
17031838800,67219654,0.09447803762869711,10.624299049785867,0.10706645323599567
17031839000,2105350,0.0728045218134752,9.991460791343458,0.09471274472786656
17031839100,4264329,0.018543831866631305,15.19542659492698,0.016108640257112172
17031839200,2765843,0.15511943374949339,11.369107242229113,0.21777488219241165
17031839500,833818,0.12603469821951552,11.776109367996414,0.14727463929049434
17031839600,1035805,0.0958722925647202,9.002356993926208,0.14519410230224752
17031839700,1757747,0.10793589748695347,26.043102264927935,0.07013110307948589
17031839800,741030,0.08861719498535822,28.915896081021575,0.06716319581694995
17031839900,3243878,0.052506598583547226,17.880012597102667,0.07323856749311294
17031840000,1584226,0.06932344248863483,25.3635103926097,0.06731621849727039
17031840100,926476,0.07078650715183124,22.61448275862069,0.08133535100022145
17031840200,2399550,0.06145485611885562,18.463002378865657,0.04192088025342631
17031840300,3312970,0.07170575042937304,3.0843005894419777,0.06246245211700555
17031840400,2780871,0.06215534629258243,20.13583410997204,0.060290124686518655
17031840700,1845298,0.07099557903384711,4.322840361644559,0.06552253166216841
17031840800,914394,0.07998083976928982,12.705698401667824,0.13318253093744703
17031841000,5048934,0.04091398303087345,6.374695263076686,0.05163469377917225
17031841100,3186225,0.0717818107635211,21.359077325364215,0.06478632302121626
17031841200,2615362,0.04340966948361259,3.351003541912633,0.06396990634194906
17031841300,5832906,0.05468989213952702,2.5876135626216743,0.07659261097390492
17031841500,1202905,0.15484597703060507,20.81405743658509,0.12672619295162374
17031841700,742989,0.10872839301793162,18.74338747099768,0.09328782417193408
17031841800,4566256,0.18017189575004117,23.157996959972976,0.18341494292150856
17031841900,8629137,0.04576471552137833,15.537850173119296,0.05336599720459122
17031842000,2825106,0.12529228991761726,10.868793564037215,0.14752297022705185
17031842100,5652682,0.059030562837251416,13.336570743405275,0.09494518987367662
17031842200,4292563,0.05577180812488949,19.048695098663273,0.057216467026399584
17031842300,5221080,0.05034667156986677,19.419621749408982,0.018753462802460753
17031842400,6311270,0.08995891476675852,11.373069449730574,0.08615835801883986
17031842500,4310450,0.04435731768144857,11.93731660111132,0.05277841364902794
17031842600,11506045,0.04021199291329036,11.896253824595686,0.05315475951299876
17031842800,4956873,0.03454839371515066,3.5763182625039156,0.04924139192291324
17031842900,7170745,0.05623781071562299,4.053545760667437,0.07676443135023296
17031843000,2964729,0.09810508818849885,18.803659167313164,0.09061047276253502
17031843100,2815028,0.33887194017253114,31.84025367156208,0.2783490748875126
17031843200,8598667,0.024898859323195095,11.44903743315508,0.015030560797780056
17031843300,2030899,0.053964278873543194,3.452930056710775,0.07008750140076948
17031843400,1824929,0.07428179397664238,22.937225042301183,0.06602605224705085
17031843500,6531258,0.08384280639350031,2.8760300628673168,0.11507618743192577
17031843600,1174633,0.05468005751583686,9.506956779159266,0.10021927795256855
17031843700,4937120,0.04418912240334446,6.089457671588467,0.042905724196456746
17031843800,3639005,0.0939295219434983,24.154476715426473,0.10508261494252874
17031843900,6134112,0.14621236130021753,23.97826435675329,0.09704787934668072
17031844600,2610703,0.08534827592414763,12.608589859665006,0.10681513973778
17031844700,1118712,0.11530402820386301,17.588219252795202,0.08075397492281176
